ID,SideTrackID,WellName,WellType,ClientDEPTH2,QRIDEPTH2,QRIDepthRevised,ClientHoleSize,QRIHoleSize,QRIHoleSizeRevised,OperationDate,FromDateTime,ToDateTime,DateCheck,DurationDays,TimeCheck,Footage,ROPM_hr,DFS,ActivityDescription,ActivityDescriptionEnglish,ClientP_NP,QRIRevisedP_NP,Probability,ClientPhase,QRIMajorOperation,NPTCategory,NPTType
34342,0,"Coyotes0431","S-SHAPE",55,0,"0","14.75","prespud","prespud",40108,40108,40108.08333,"OK",0.083333333,"OK",0,0,0.083333333,"(N)  INSTALO EQUIPO 100%. .\n2","","Productive","P","0.03","PER ","Case & Cmnt","",""
34343,0,"Coyotes0431","S-SHAPE",55,0,"0","14.75","prespud","prespud",40108,40108.08333,40108.16667,"OK",0.083333334,"OK",0,0,0.166666667,"(N) GENERO VOL. DE LODO Y ACONDICIONO EL MISMO CON UN AVANCE DE 5O%.. .\n4","","Productive","P","0.53","PER ","Rig Move/Up","VE-Vendor Equipment",""
34344,0,"Coyotes0431","S-SHAPE",55,0,"0","14.75","prespud","prespud",40108,40108.16667,40108.29167,"OK",0.125,"OK",0,0,0.291666667,"(N) GENERO VOL. DE LODO Y ACONDICIONO EL MISMO AL 100 % .\n7","","Productive","P","0.57","PER ","Rig Move/Up","SAF-Safety",""
34345,0,"Coyotes0431","S-SHAPE",55,0,"0","14.75","prespud","prespud",40108,40108.29167,40108.3125,"OK",0.020833333,"OK",0,0,0.3125,"(N) EFECTUO PLATICA DE SEGURIDAD. .\n7","","Productive","P","0.2","PER ","Rig Move/Up","SAF-Safety",""
34346,0,"Coyotes0431","S-SHAPE",55,22,"22","14.75","14.75","14.75",40108,40108.3125,40108.58333,"OK",0.270833333,"OK",22,3.384615389,0.583333333,"(N) CON BNA TRICONICA DE 14 3/4"" PERFORA VERTICAL DE 0 A 22 MTS. RECORD: 16 MTS, EN 05:00 HRS, ULTIMOS\n3: 10-8-8, PROMEDIO: 18.75 MIN/MT, 3.20 MTS/HR CONDICIONES DE OPERACIÓN: P/BNA: 3-4, ROT: 50 RPM, 100 AMP,\n120 EPM, 419 GPM, P.B: 250 PSI, PESO DE SARTA: 10 TON, LODO: 1.09 GR/CC X 40 SEG.\n14","","Productive","P","0.07","PER ","Drilling","SAF-Safety",""
34347,0,"Coyotes0431","S-SHAPE",55,55,"55","14.75","14.75","14.75",40108,40108.58333,40108.72917,"OK",0.145833334,"OK",33,9.428571386,0.729166667,"(N) CON BNA TRICONICA DE 14 3/4 T- 115 Y MOTOR DE FONDO DE 8"" RECTO PERFORA DE 22 MTS A 55 MTS VERTICALMENTE. RECORD: 49 MTS, EN 08:18 HRS, ULTIMOS 3: 6-6-6, PROMEDIO: 10.84 MIN/MT, 5.80 MTS/HR, CONDICIONES DE OPERACIÓN: P/BNA: 3-4, ROT: 50 RPM, 100 AMP, 130 EPM, 454 GPM, P.B: 300 PSI, PESO DE SARTA: 10 TON, LODO: 1.15 GR/CC X 40 SEG. .\n17","","Productive","P","0.12","PER ","Drilling","SAF-Safety",""
34348,0,"Coyotes0431","S-SHAPE",55,55,"55","14.75","14.75","14.75",40108,40108.72917,40108.75,"OK",0.020833333,"OK",0,0,0.75,"(N) CON BNA TRICONICA DE 14 3/4 T-115 Y MOTOR DE FONDO DE 8"" RECTO CIRCULO LIMPIANDO AGUJERO CON\n130 EPM, 454 GPM, P.B: 300 PSI.\n18","","Productive","P","0.32","PER ","Cond Trip","SAF-Safety",""
34349,0,"Coyotes0431","S-SHAPE",55,55,"55","14.75","14.75","14.75",40108,40108.75,40108.77083,"OK",0.020833333,"OK",0,0,0.770833333,"(S) SE EFECTUO PARO TECNICO EL DIA DE HOY MARTES 22 DE OCTUBRE DE LAS 18:00 A LAS 18:30 HRS CON LA FINALIDAD DE DIFUNDIR POR EL COMITÉ TECNICO DE SEGURIDAD Y PERSONAL OPERATIVO CONFORMADO EN LOS EQUIPOS DE PERFORACION WEATHERFORD, LA DIFUSION DEL ACCIDENTE FATAL OCURRIDO EL DIA 19 DEL PRESENTE A LAS 10:30 HRS EN EL POZO TEJEDA NO 4, COMPAÑÍA FORBES. LO ANTERIOR CON EL OBJETO DE PREVENIR FUTUROS ACCIDENTES Y CON ELLO, UN AMBIENTE DE TRABAJO SEGURO.\n18","","Non-Productive","NP","0.57","PER ","Cond Trip","SAF-Safety","Other"
34350,0,"Coyotes0431","S-SHAPE",55,55,"55","14.75","14.75","14.75",40108,40108.77083,40108.91667,"OK",0.145833334,"OK",0,0,0.916666667,"(N) SACO BARRENA TRICONICA DE 14 3/4"", T-115, CON MOTOR DE FONDO DE 8"" RECTO A SUPERCIE 100%.\nDESGATE DE BNA: 1-1-NO-A-N-I-NO-TD.\n22","","Productive","P","0.25","PER ","Cond Trip","SAF-Safety",""
34351,0,"Coyotes0431","S-SHAPE",55,55,"55","14.75","14.75","14.75",40108,40108.91667,40109,"OK",0.083333333,"OK",0,0,1,"(N) SE INSTALO PLACA BASE Y EQUIPO PARA CORRER T.R DE 10 3/4 J-55 40.5 LBS/PIE BCN 100%","","Productive","P","0.04","PER ","Case & Cmnt","SAF-Safety",""
34352,0,"Coyotes0431","S-SHAPE",55,55,"55","9.5","14.75","14.75",40109,40109,40109.02083,"OK",0.020833333,"OK",0,0,1.020833333,"(N)  EFECTUO PLATICA DE SEGURIDAD. .\n0","","Productive","P","0.2","PER ","Case & Cmnt","SAF-Safety",""
34353,0,"Coyotes0431","S-SHAPE",55,55,"55","9.5","14.75","14.75",40109,40109.02083,40109.125,"OK",0.104166667,"OK",0,0,1.125,"(N) METIO TR 10-3/4"", J-55, 40.5 LBS/PIE, BCN EQUIPADA CON ZAPATA FLOTADORA Y APRIETE GEOMETRICO A 50 M.\nDISTRIBUCION DE TR: DE 0.00 M. A 4.50 M. EMR (ELEVACION DE MESA ROTARIA); DE 4.50 M. A 49.52 M. 4 TRAMOS DE TR 10-3/4"", J-55, 40.5 LB/PIE, BCN; DE 49.52 M. A 50.0 M. 1 ZAPATA FLOTADORA DE 10 3/4"", J-55, 40.5 LBS/PIE, BCN. SE INSTALARON 3 CENTRADORES. .\n3","","Productive","P","0.01","PER ","Case & Cmnt","SAF-Safety",""
34354,0,"Coyotes0431","S-SHAPE",55,55,"55","9.5","14.75","14.75",40109,40109.125,40109.16667,"OK",0.041666667,"OK",0,0,1.166666667,"(N) DESMANTELO EQUIPO PARA METER TR DE 10 3/4"", J-55, 40.5 LBS/PIE, BCN. .\n4","","Productive","P","0.01","PER ","Case & Cmnt","SAF-Safety",""
34355,0,"Coyotes0431","S-SHAPE",55,55,"55","9.5","14.75","14.75",40109,40109.16667,40109.20833,"OK",0.041666666,"OK",0,0,1.208333333,"(N) INSTALO CABEZA DE CEMENTAR, LINEAS SUPERFICIALES Y U.A.P. DE LA CIA. BJ 100 % .\n5","","Productive","P","0.04","PER ","Case & Cmnt","SAF-Safety",""
34356,0,"Coyotes0431","S-SHAPE",55,55,"55","9.5","14.75","14.75",40109,40109.20833,40109.22917,"OK",0.020833334,"OK",0,0,1.229166667,"(N) SE REALIZO PLATICA DE SEGURIDAD Y OPERACION CON EL PNAL INVOLUCRADO EN LA CEMENTACION DE LA T.R DE 10 3/4""\n5","","Productive","P","0.09","PER ","Case & Cmnt","SAF-Safety",""
34357,0,"Coyotes0431","S-SHAPE",55,55,"55","9.5","14.75","14.75",40109,40109.22917,40109.25,"OK",0.020833333,"OK",0,0,1.25,"(N) REALIZO CEMENTACION DE TR DE 10 3/4 A 50 MTS. PROBO LINEAS SUPERFICIALES CON 2000 PSI. DURANTE 15\nMIN BIEN. SE BOMBEO 15 BLS DE AGUA CON CLAYTREAT DE 1.03 GR/CC CON UN Q: DE 4 BPM Y UNA P.B: 30 PSI, MEZCLO Y BOMBEO 23 BLS DE CEMENTO LECHADA UNICA DE 1.89 GR/CC A UN Q: DE 4 BPM Y UNA P.B: 60 PSI PARO BOMBEO Y SOLTO TAPON DE DESPLAZAMIENTO Y LO DESPLAZO CON 17 BLS DE LODO BASE AGUA DE 1.15\nGR/CC  CON UN Q: DE 8-2 BPM Y UNA P.B: 130 PSI. DEJANDO DENTRO DE LA TR DE 10 3/4 1.0 BL DE CEMENTO, SIN ACOPLAR TAPON DE DESPLAZAMIENTO. CHECANDO EL EQUIPO DE FLOTACION BIEN. RETORNANDO 1/2 BPM. SALIENDO A SUPERFICIE 3 . BLS DE CEMENTO. OBSERVANDO DURANTE LA OPERCION CIRCULACION NORMAL. QUEDANDO CIMA TEORICA DE CEMENTO DENTRO DE TR A 47 MTS.\n6","","Productive","P","0.02","PER ","Case & Cmnt","SAF-Safety",""
34358,0,"Coyotes0431","S-SHAPE",55,55,"55","9.5","14.75","14.75",40109,40109.25,40109.27083,"OK",0.020833333,"OK",0,0,1.270833333,"(N) DESMANTELO CABEZA DE CEMENTAR, LINEAS SUPERFICIALES Y U.A.P. DE LA CIA BJ 100% .\n6","","Productive","P","0.06","PER ","Case & Cmnt","SAF-Safety",""
34359,0,"Coyotes0431","S-SHAPE",55,55,"55","9.5","14.75","14.75",40109,40109.27083,40109.3125,"OK",0.041666667,"OK",0,0,1.3125,"(N) REALIZO CORTE Y BICELO A LA T.R DE 10 3/4"" 100% .\n7","","Productive","P","0.2","PER ","Case & Cmnt","SAF-Safety",""
34360,0,"Coyotes0431","S-SHAPE",55,55,"55","9.5","14.75","14.75",40109,40109.3125,40109.375,"OK",0.0625,"OK",0,0,1.375,"(N) INSTALO CABEZAL SBU DE 10 3/4 X 11 5 M 100% Y PROBO MISMO CON 1200 PSI DURANTE 15 MIN BIEN.\n9","","Productive","P","0.01","PER ","BOP/WH","SAF-Safety",""
34361,0,"Coyotes0431","S-SHAPE",55,55,"55","9.5","14.75","14.75",40109,40109.375,40109.5,"OK",0.125,"OK",0,0,1.5,"(N) INSTALO CONJUNTO DE PREVENTORES DE 11 5M , CONEXIONES SUPERFICIALES DE CONTROL ,  CAMPANA, LLENADERA Y LINEA DE FLOTE 100%\n12","","Productive","P","0.01","PER ","BOP/WH","SAF-Safety",""
34362,0,"Coyotes0431","S-SHAPE",55,55,"55","9.5","14.75","14.75",40109,40109.5,40109.58333,"OK",0.083333333,"OK",0,0,1.583333333,"(N) ARMÓ TAPON DE PRUEBA Y ALOJO MISMO EN EL NIDO DEL CABEZAL DE 10 3/4 X 11 5 M, SE  PROBO CABEZAL SBU DE 10 3/4 X 11 5 M, PREVENTOR DOBLE DE 11 5M ( INFERIOR: RAMS CIEGOS Y SUPERIOR RAMS PARA T.P DE\n4"" ), CONEXIONES SUPERFICIALES DE CONTROL ( LINEA PRIMARIA DE ESTRANGULAR Y LINEA DE MATAR) CON\n500 PSI EN BAJA DURANTE 5 MIN. Y EN ALTA CON 2500 PSI DURANTE 10 MIN BIEN. PREVENTOR ESFERICO DE 11 5\nM CON 500 PSI EN BAJA DURANTE 5 MIN Y EN ALTA CON 1500 PSI DURANTE 10 MIN. PSI BIEN. .\n14","","Productive","P","0.02","PER ","BOP/WH","SAF-Safety",""
34363,0,"Coyotes0431","S-SHAPE",55,55,"55","9.5","14.75","14.75",40109,40109.58333,40109.625,"OK",0.041666667,"OK",0,0,1.625,"(N) PROBO ENSAMBLE DE ESTRANGULACION CON 500 PSI EN BAJA DUNRANTE 5 MIN Y CON 2500 PSI EN ALTA DURANTE 10 MIN BIEN.\n15","","Productive","P","0.02","PER ","BOP/WH","SAF-Safety",""
34364,0,"Coyotes0431","S-SHAPE",55,55,"55","9.5","14.75","14.75",40109,40109.625,40109.66667,"OK",0.041666667,"OK",0,0,1.666666667,"(N) RECUPERO TAPON DE PRUEBA A SUPERFICIE 100% E INSTALO BUJE DE DESGASTE DE 11 PG AL CABEZAL SBU DE 10 3/4 X 11 5 M.\n16","","Productive","P","0.06","PER ","BOP/WH","SAF-Safety",""
34365,0,"Coyotes0431","S-SHAPE",55,55,"55","9.5","9.5","9.5",40109,40109.66667,40109.83333,"OK",0.166666666,"OK",0,0,1.833333333,"(N) ARMO BNA PDC DE 9 1/2 CON SARTA NAVEGABLE EQ. CON MWD 100%.Y METIO LA MISMA A 28  MTS DONDE PROBO MOTOR DE FONDO DE 6 3/4 Y EQ. MWD CON 80 EPM, 279 GPM, P.B: 200  PSI BIEN .\n20","","Productive","P","0.44","PER ","Drillout","SAF-Safety",""
34366,0,"Coyotes0431","S-SHAPE",55,55,"55","9.5","9.5","9.5",40109,40109.83333,40109.875,"OK",0.041666667,"OK",0,0,1.875,"(S) CON BNA PDC DE 9 1/2 A 28 MTS SE REALIZO MANTENIMIENTO PREVENTIVO POR PROGRAMA AL TOP DRIVE Y SISTEMA PIÑON CREMALLERA 21","","Non-Productive","NP","0.69","PER ","Drillout","RE-Rig Equipment","Rig Repair"
34367,0,"Coyotes0431","S-SHAPE",55,55,"55","9.5","9.5","9.5",40109,40109.875,40109.89583,"OK",0.020833333,"OK",0,0,1.895833333,"(N) METIO BNA PDC DE 9 1/2 DE 28 MTS A 45 MTS CON CIRCULACION CON 80 EPM, 279 GPM, P.B: 250 PSI. DONDE\nVERIFICO CIMA DE CEMENTO CON 2 TON DE PESO.\n21","","Productive","P","0.5","PER ","Drillout","SAF-Safety",""
34368,0,"Coyotes0431","S-SHAPE",55,55,"55","9.5","9.5","9.5",40109,40109.89583,40109.9375,"OK",0.041666667,"OK",0,0,1.9375,"(N) CON BNA PDC DE 9 1/2"" A 45 MTS ( 5 MTS ARRIBA DE LA ZAPATA DE 10 3/4 ) CIRCULO LIMPIANDO POZO CON 80\nEPM, 279 GPM, P.B: 250 PSI. POSTERIORMENTE SUSPENDIO BOMBEO CERRO PREVENTOR Y CON BOMBA DEL EQ. PROBO T.R DE 10 3/4 J-55 40.5 LBS/PE CON 500 PSI BIEN.\n22","","Productive","P","0.37","PER ","Drillout","SAF-Safety",""
34369,0,"Coyotes0431","S-SHAPE",55,55,"55","9.5","9.5","9.5",40109,40109.9375,40110,"OK",0.0625,"OK",0,0,2,"(N) CON BNA PDC DE 9 1/2"" REBAJO CEMENTO Y ZAPATA DE 10 3/4 DE 45 MTS A 55 MTS FONDO  PERFORADO.\nRECORD TOTAL: 10 MTS EN 01:07 HRS, ULTIMOS 3: 5-5-5, PROMEDIO: 6.7 MIN/MT, CONDICIONES DE OPERACIÓN:2-\n3 TON, 50 RPM, 100 AMP, 80 EPM, 279 GPM, P.B: 350 PSI. PESO DE SARTA: 10 TON, LODO: 1.15 GR/CC X 45 SEG","","Productive","P","0.07","PER ","Drillout","SAF-Safety",""
34370,0,"Coyotes0431","S-SHAPE",114,85,"85","9.5","9.5","9.5",40110,40110,40110.16667,"OK",0.166666667,"OK",30,7.499999985,2.166666667,"(N)  CON BNA PDC DE 9 1/2"" PERFORA DIRECCIONAL DE 55 MTS A 85 MTS RECORD: 30 MTS EN 01:47 HRS, 26 MTS\nROTADOS EN 01:27 HRS, 4 MTS DESLIZADOS EN 00:20 HRS, ULTIMOS 3: 3-3-3 PROMEDIO: 3.56 MIN/MT, 16.85\nMTS/HR, CONDICIONES DE OPERACIÓN: P/BNA: 2- 3 TON, 50 RPM, 100 AMP, 120 EPM, 419 GPM, P.B: 420 PSI, LODO:\n1.15 X 45 SEG, PESO DE SARTA: 15 TON. ULTIMA DESVIACION: PROF: 70 MTS, ANGULO: 0.56°, RUMBO: 290.17, TVD:\n70, DESPLAZ : -0.41, SEV: .86°\n4","","Productive","P","0.03","PER ","Drilling","SAF-Safety",""
34371,0,"Coyotes0431","S-SHAPE",114,114,"114","9.5","9.5","9.5",40110,40110.16667,40110.29167,"OK",0.125,"OK",29,9.666666667,2.291666667,"(N) CON BNA PDC 9 1/2"" PERFORA DIRECCIONAL DE 85 MTS A 114 MTS. DONDE SUSPENDE PERFORACION POR OBSERVAR PERDIDA PARACIAL DE ( 8 M3 ) RECORD: 59 MTS EN 04:23 HRS, 42 MTS ROTADOS EN 02:34 HRS, 17\nMTS DESLIZADOS EN 01:49 HRS, ULTIMOS 3: 4-4-4 PROMEDIO: 4.45 MIN/MT, 13.48 MTS/HR, CONDICIONES DE OPERACIÓN: P/BNA: 2- 3 TON, 50 RPM, 100 AMP, 120 EPM, 419 GPM, P.B: 520 PSI, LODO: 1.15 X 45 SEG, PESO  DE SARTA: 16 TON.  ULTIMA DESVIACION: PROF: 89 MTS, ANGULO: 1.65°, RUMBO: 163.54, TVD: 89, DESPLAZ : -0.08, SEV: 2.42° .\n7","","Productive","P","0.17","PER ","Drilling","SAF-Safety",""
34372,0,"Coyotes0431","S-SHAPE",114,114,"114","9.5","9.5","9.5",40110,40110.29167,40110.35417,"OK",0.0625,"OK",0,0,2.354166667,"(P) SACO BNA PDC DE 9 1/2 CON SARTA NAVEGABLE EQ. CON MWD DE 114 MTS A 50 MTS ZAPATA DE 10 3/4 LIBRE.\nLLENANDO CADA TRAMO POR E.A EL VOL DE ACERO EXTRAIDO. OBSERVO EL NIVEL DE LODO SIN ABATIRSE. .\n8","","Non-Productive","NP","0.48","PER ","Drilling","HPL-Open Hole Problems","Lost Circ"
34373,0,"Coyotes0431","S-SHAPE",114,114,"114","9.5","9.5","9.5",40110,40110.35417,40110.58333,"OK",0.229166666,"OK",0,0,2.583333333,"(P) CON BNA PDC DE 9 1/2 CON SARTA NAVEGABLE EQ. CON MWD A 50 MTS ZAPATA DE 10 3/4. BAJO DENSIDAD AL FLUIDO DE CONTROL DE 1.15 GR/CC A 1 .10 GR/CC EN PRESAS DE TRABAJO Y ACONDICIONA EL MISMO CON 40\nKG/M3 DE CARBONATO M-200 + 25 KG/M3 DE CARBONATO M-70 + 20 KG/M3 DE ULTRASEAL PLUS Y 15 KG/M3 DE GILSONITA. UNA CONCENTRACION TOTAL: DE 100 KG/M3. .\n14","","Non-Productive","NP","0.56","PER ","Drilling","HPL-Open Hole Problems","Lost Circ"
34374,0,"Coyotes0431","S-SHAPE",114,114,"114","9.5","9.5","9.5",40110,40110.58333,40110.64583,"OK",0.0625,"OK",0,0,2.645833333,"(P) METIO BNA PDC DE 9 1/2 CON SARTA NAVEGABLE EQ. CON MWD DE 50 MTS A 114 MTS FONDO  PERFORADO LIBRE. INTENTO RESTABLECER CIRCULACION SIN ÉXITO, CON 73 EPM, 255 GPM, P.B: 470 PSI. POR OBSERVAR PERDIDAD DE FLUIDO DE CONTROL UN VOL. DE 9 M3 .\n15","","Non-Productive","NP","0.89","PER ","Drilling","HPL-Open Hole Problems","Lost Circ"
34375,0,"Coyotes0431","S-SHAPE",114,114,"114","9.5","9.5","9.5",40110,40110.64583,40110.66667,"OK",0.020833334,"OK",0,0,2.666666667,"(P) SACO BNA PDC DE 9 1/2 CON SARTA NAVEGABLE EQ. CON MWD DE 114 MTS A 75 MTS LIBRE.  LLENANDO CADA TRAMO POR E.A EL VOL DE ACERO EXTRAIDO. PERSISTIENDO ESCURRIMIENTO CON FLUJO DE 5.5 LTS X MIN. .\n16","","Non-Productive","NP","0.23","PER ","Drilling","HPL-Open Hole Problems","Lost Circ"
34376,0,"Coyotes0431","S-SHAPE",114,114,"114","9.5","9.5","9.5",40110,40110.66667,40110.72917,"OK",0.0625,"OK",0,0,2.729166667,"(P) CON BNA PDC DE 9 1/2 CON SARTA NAV. EQ. CON MWD A 75 MTS, SE ACONDICIONO FLUIDO DE CONTROL REFORZANDOLO CON 13 KG/M3 DE ASERRIN FINO OBTENIENDO UNA CONCENTRACION TOTAL DE OBTURANTES DE 113 KG/M3 EN EL SISTEMA. .\n17","","Non-Productive","NP","0.75","PER ","Drilling","HPL-Open Hole Problems","Lost Circ"
34377,0,"Coyotes0431","S-SHAPE",114,114,"114","9.5","9.5","9.5",40110,40110.72917,40110.75,"OK",0.020833333,"OK",0,0,2.75,"(P) CON BNA PDC DE 9 1/2 CON SARTA NEVEGABLE EQ. CON MWD A 75 MTS, INTENTO NUEVAMENTE RESTABLECER CIRCULACION CON 73 EPM, 255 GPM, P.B. 400 PSI. SIN ÉXITO POR PERSISTIR PERDIDA DE FLUIDO DE CONTROL UN VOL. DE 10 M3. NOTA: SE CONTINUA OBSERVANDO ESCURRIMIENTO CON FLUJO DE 5.5 LTS X MIN.\n18","","Non-Productive","NP","0.9","PER ","Drilling","HPL-Open Hole Problems","Lost Circ"
34378,0,"Coyotes0431","S-SHAPE",114,114,"114","9.5","9.5","9.5",40110,40110.75,40110.77083,"OK",0.020833333,"OK",0,0,2.770833333,"(P) SACO BNA PDC DE 9 1/2 CON SARTA NAVEGABLE EQ. CON MWD DE 75 MTS A 50 MTS LIBRE, LLENANDO CADA TRAMO POR E.A. EL VOL DE ACERO EXTRAIDO. PERSISTIENDO ESCURRIMIENTO CON FLUJO DE 5.5 LTS X MIN. EN EL INTER SE DENSIFICO FLUIDO DE CONTROL DE 1. 10 GR/CC A 1 .18 GR/CC EN PRESAS DE TRABAJO.\n18","","Non-Productive","NP","0.52","PER ","Drilling","HPL-Open Hole Problems","Lost Circ"
34379,0,"Coyotes0431","S-SHAPE",114,114,"114","9.5","9.5","9.5",40110,40110.77083,40110.79167,"OK",0.020833334,"OK",0,0,2.791666667,"(P) CON BNA PDC DE 9 1/2 CON SARTA NAVEGABLE EQ. CON MWD A 50 MTS ZAPATA DE 10 3/4. CIRCULO CON FLUIDO  DE CONTROL DE 1.18 GR/CC CON 75 EPM, 262 GPM, P.B: 300 PSI. SUSPENDIO BOMBEO OBSERVANDO NIVEL DE LODO SIN ABATIRSE Y SIN ESCURRIMIENTO. . 19","","Non-Productive","NP","0.82","PER ","Drilling","HPL-Open Hole Problems","Lost Circ"
34380,0,"Coyotes0431","S-SHAPE",114,114,"114","9.5","9.5","9.5",40110,40110.79167,40110.875,"OK",0.083333333,"OK",0,0,2.875,"(P) SACO BNA PDC DE 9 1/2 CON SARTA NAVEGABLE EQ. CON MWD DE 50 MTS A SUPERFICIE 100  % LLENO POZO\nOBSERVANDO NIVEL SIN ABATIRSE.\n21","","Non-Productive","NP","0.4","PER ","Drilling","HPL-Open Hole Problems","Lost Circ"
34381,0,"Coyotes0431","S-SHAPE",114,114,"114","9.5","9.5","9.5",40110,40110.875,40110.91667,"OK",0.041666667,"OK",0,0,2.916666667,"(P) METIO T.P FRANCA DE 4"" FH G° 105 15.7 LLBS/PIE FH A 114 MTS LIBRE. .\n22","","Non-Productive","NP","0.54","PER ","Drilling","HPL-Open Hole Problems","Lost Circ"
34382,0,"Coyotes0431","S-SHAPE",114,114,"114","9.5","9.5","9.5",40110,40110.91667,40110.95833,"OK",0.041666666,"OK",0,0,2.958333333,"(P) CON T.P FRANCA DE 4"" FH G° 105 15.7 LBS/PIE A 114 MTS. SE ACONDICIONO FLUIDO DE CONTROL REFORZANDOLO CON 47 KG/M3 DE ASERRIN FINO OBTENIENDO UNA CONCENTRACION TOTAL DE OBTURANTES DE 160 KG/M3 EN EL SISTEMA. .\n23","","Non-Productive","NP","0.79","PER ","Drilling","HPL-Open Hole Problems","Lost Circ"
34383,0,"Coyotes0431","S-SHAPE",114,114,"114","9.5","9.5","9.5",40110,40110.95833,40110.97917,"OK",0.020833334,"OK",0,0,2.979166667,"(P) CON T.P FRANCA DE 4"" FH G° 105 15.7 LBS/PIE A 114 MTS. BOMBEO 3.5 M3 DE BACHE DE  1.10 GR/CC X 120 SEG SATURADO CON 40 KG/M3 DE CARBONATO M-200 + 25 KG/M3 DE CARBONATO M-70 + 20 KG/M3 DE ULTRASEAL PLUS + 15 KG/M3 DE GILSONITA + 60 KG/M3 DE ASERRIN FINO OBTENIENDO UNA CONCENTRACION TOTAL DE OBTURANTES DE 160 KG/M3. A UN GASTO DE 75 EPM, 262 GPM, P.B: 50 PSI. OBSERVANDO CIRCULACION MINIMA. .\n23","","Non-Productive","NP","0.24","PER ","Drilling","HPL-Open Hole Problems","Lost Circ"
34384,0,"Coyotes0431","S-SHAPE",114,114,"114","9.5","9.5","9.5",40110,40110.97917,40111,"OK",0.020833333,"OK",0,0,3,"(P) SACO T.P FRANCA DE 4"" FH G° 105 17 LBS/PIE A 50 MTS ZAPATA DE 10 3/4 LIBRE, LLENANDO CADA TRAMO POR E.A EL VOL. DE ACERO EXTRAIDO","","Non-Productive","NP","0.44","PER ","Drilling","HPL-Open Hole Problems","Lost Circ"
34385,0,"Coyotes0431","S-SHAPE",114,114,"114","9.5","9.5","9.5",40111,40111,40111.41667,"OK",0.416666667,"OK",0,0,3.416666667,"(P)  CON T.P FRANCA DE 4"" FH G° 105 15.7 LBS/PIE A 50 M. ESPERA REPOSO DE BACHE SATURADO CON MATERIAL\nPARA CONTROL DE PERDIDAS.\n10","","Non-Productive","NP","0.86","PER ","Drilling","HPL-Open Hole Problems","Lost Circ"
34386,0,"Coyotes0431","S-SHAPE",114,114,"114","9.5","9.5","9.5",40111,40111.41667,40111.45833,"OK",0.041666666,"OK",0,0,3.458333333,"(P) METIO T.P FRANCA DE 4"" FH, G° 105, 15.7 LB/PIE FH A 96 M. LIBRE. .\n11","","Non-Productive","NP","0.46","PER ","Drilling","HPL-Open Hole Problems","Lost Circ"
34387,0,"Coyotes0431","S-SHAPE",114,114,"114","9.5","9.5","9.5",40111,40111.45833,40111.5625,"OK",0.104166667,"OK",0,0,3.5625,"(P) INSTALO UNIDAD DE ALTA PRESION Y LINEAS SUPERFICIALES DE HALLIBURTON. .\n13","","Non-Productive","NP","0.02","PER ","Drilling","HPL-Open Hole Problems","Lost Circ"
34388,0,"Coyotes0431","S-SHAPE",114,114,"114","9.5","9.5","9.5",40111,40111.5625,40111.58333,"OK",0.020833333,"OK",0,0,3.583333333,"(P) SE EFECTUO REUNION DE SEGURIDAD Y OPERACIÓN PARA COLOCAR T X C BALANCEADO. .\n14","","Non-Productive","NP","0.43","PER ","Drilling","HPL-Open Hole Problems","Lost Circ"
34389,0,"Coyotes0431","S-SHAPE",114,114,"114","9.5","9.5","9.5",40111,40111.58333,40111.625,"OK",0.041666667,"OK",0,0,3.625,"(P) EFECTUO COLOCACION DE TAPON DE CEMENTO BALANCEADO. CON T.P FRANCA DE 4"" FH G° 105 15.7 LBS/PIE A 96 MTS. SE PROBARON LAS LINEAS SUPERFICIALES T.P Y T.R CON 3000 PSI BIEN.  POSTERIORMENTE SE BOMBEO 24.5 BLS DE LECHADA PLUGCEM CON DENSIDAD DE 1.90 GR/CM3 A UN Q: 4 BPM, P.B: 250 A 100 PSI. DESPLAZANDO CON 0.7 BL DE LODO BASE AGUA DE 1. 10 GR/CC A UN Q: 1 BPM, P.B: 100 PSI. PRESION FINAL: O PSI. DURANTE LA CEMENTACION SE OBSERVO CIRCULACION 100 %. CIMA TEORICA DE CEMENTO A 30 MTS. .\n15","","Non-Productive","NP","0.38","PER ","Drilling","HPL-Open Hole Problems","Lost Circ"
34390,0,"Coyotes0431","S-SHAPE",114,114,"114","9.5","9.5","9.5",40111,40111.625,40111.64583,"OK",0.020833333,"OK",0,0,3.645833333,"(P) SACO T.P FRANCA DE 4"" FH G° 105 15.7 LBS/PIE A SUPERFICIE 100 %, SIN OBSERVAR EL NIVEL DE LODO\n15","","Non-Productive","NP","0.64","PER ","Drilling","HPL-Open Hole Problems","Lost Circ"
34391,0,"Coyotes0431","S-SHAPE",114,114,"114","9.5","9.5","9.5",40111,40111.64583,40111.6875,"OK",0.041666667,"OK",0,0,3.6875,"(P) INTENTO LLENAR EL POZO CON 25 BLS ( 3975 LTS) DE LODO BASE AGUA DE 1. 10 GR/CC, CUBRIENDO UNA LONG. DE 75 MTS. SIN OBSERVAR NIVEL, POSTERIORMENTE LLENO POZO CON  15 BLS ( 2385 LTS ) DE AGUA DE\n1.00 GR/CC CUBRIENDO UNA LONGITUD DE 39 MTS.OBERVANDO NIVEL SIN ABATIRSE. OBTENIENDO CON EL AGUA DE 1.00 GR/CC UNA P.H DE 3.9 KG/CM2 Y CON EL LODO BASE AGUA DE 1.10 GR/CC UNA P.H DE 8.2 KG/CM2. LA SUMA DE LAS DOS HIDROSTATICAS NOS DA UNA P.H. TOTAL DE: 12.10 KG/CM2  OBTENIENDO  UNA DENSIDAD DE EQUILIBRIO DE 1.06 GR/CC. .\n16","","Non-Productive","NP","0.31","PER ","Drilling","HPL-Open Hole Problems","Lost Circ"
34392,0,"Coyotes0431","S-SHAPE",114,114,"114","9.5","9.5","9.5",40111,40111.6875,40111.72917,"OK",0.041666667,"OK",0,0,3.729166667,"(P) DESMANTELO LINEAS SUPERFICIALES Y EQUIPO DE CEMENTACION AL 100 % NOTA: EN EL INTER OBERVO POZO CON ESCURRIMIENTO CON UN FLUJO DE 5 LTS X MIN.\n17","","Non-Productive","NP","0.12","PER ","Drilling","HPL-Open Hole Problems","Lost Circ"
34393,0,"Coyotes0431","S-SHAPE",114,114,"114","9.5","9.5","9.5",40111,40111.72917,40111.77083,"OK",0.041666666,"OK",0,0,3.770833333,"(P) METIO T.P FRANCA DE 4"" FH G° 105 15.7 LBS/PIE A 50 MTS .\n18","","Non-Productive","NP","0.5","PER ","Drilling","HPL-Open Hole Problems","Lost Circ"
34394,0,"Coyotes0431","S-SHAPE",114,114,"114","9.5","9.5","9.5",40111,40111.77083,40111.8125,"OK",0.041666667,"OK",0,0,3.8125,"(P) CON T.P FRANCA DE 4"" FH G° 105 15.7 LBS/PIE A 50 MTS BOMBEO 2.5 M3 DE BACHE DE 1.13 GR/CC X 120 SEG.\nCON 75 EPM, 262 GPM, P.B: 50 PSI. SUSPENDIO BOMBEO OBSERVANDO NIVEL Y SIN ESCURRIMIENTO. .\n19","","Non-Productive","NP","0.46","PER ","Drilling","HPL-Open Hole Problems","Lost Circ"
34395,0,"Coyotes0431","S-SHAPE",114,114,"114","9.5","9.5","9.5",40111,40111.8125,40111.97917,"OK",0.166666667,"OK",0,0,3.979166667,"(P) CON T.P FRANCA DE 4"" FH G° 105 15.7 LBS/PIE A 50 MTS. ACONDICIONA FLUIDO DE CONTROL CON DENSIDAD DE 1. 13 GR/CC EN PRESAS DE TRABAJO SATURANDO EL MISMO CON 134 KG/M3 DE ASERRIN + 53 KG/M3 DE CARBONATO DE CALCIO M-200 + 53 KG/M3 DE CARBONATO DE CALCIO M-70. UNA CONCENTRACION TOTAL DE 240\nKG/M3 DE OBTURANTES, GENERANDO UNA DENSIDAD DE 1. 28 GR/CC CON VISCOSIDAD FUERA DE ESCALA. .\n23","","Non-Productive","NP","0.38","PER ","Drilling","HPL-Open Hole Problems","Lost Circ"
34396,0,"Coyotes0431","S-SHAPE",114,114,"114","9.5","9.5","9.5",40111,40111.97917,40112,"OK",0.020833333,"OK",0,0,4,"(P) METIO T.P FRANCA DE 4"" FH G° 105 15.7 LBS/PIE DE 50 MTS A 110 MTS. LIBRE.","","Non-Productive","NP","0.42","PER ","Drilling","HPL-Open Hole Problems","Lost Circ"
34397,0,"Coyotes0431","S-SHAPE",118,114,"114","9.5","9.5","9.5",40112,40112,40112.02083,"OK",0.020833333,"OK",0,0,4.020833333,"(P)  CON. T.P FRANCA DE 4 "" FH G° 105 LBS/PIE A 11O MTS BOMBEO 3.O M3 DE BACHE DE 1. 28 GR/CC CON VIS.\nFUERA DE ESCALA SATURADO CON 134 KG/M3 DE ASERRIN + 53 KG/M3 DE CARBONATO DE CALCIO M-200 + 53\nKG/M3 DE CARBONATO DE CALCIO M-70 UNA CONCENTRACION TOTAL DE 240 KG/M3 DE OBTURANTES. A UN GASTO DE 75 EPM, 262 GPM, P.B: 55 PSI. OBSERVANDO CIRCULACION PARCIAL. .\n0","","Non-Productive","NP","0.27","PER ","Drilling","HPL-Open Hole Problems","Lost Circ"
34398,0,"Coyotes0431","S-SHAPE",118,114,"114","9.5","9.5","9.5",40112,40112.02083,40112.0625,"OK",0.041666667,"OK",0,0,4.0625,"(P) SACO T.P FRANCA DE 4"" FH G° 105 15.7 LBS/PIE A SUPERFICIE 100 %, LLENANDO CADA TRAMO POR E.A EL VOL.\nDE ACERO  EXTRAIDO CON AGUA DE PERFORACION. OBSERVO NIVEL DE FLUIDO Y SIN ESCURRIMIENTO. .\n1","","Non-Productive","NP","0.47","PER ","Drilling","HPL-Open Hole Problems","Lost Circ"
34399,0,"Coyotes0431","S-SHAPE",118,114,"114","9.5","9.5","9.5",40112,40112.0625,40112.14583,"OK",0.083333333,"OK",0,0,4.145833333,"(P) ARMO BNA PDC DE 9 1/2 CON SARTA NAVEGABLE EQ. CON MWD 100 % Y METE LA MISMA A 28  MTS DONDE PROBO MOTOR DE FONDO Y EQ MWD CON 80 EPM, 279 GPM, P.B: 255 PSI.\n3","","Non-Productive","NP","0.49","PER ","Drilling","HPL-Open Hole Problems","Lost Circ"
34400,0,"Coyotes0431","S-SHAPE",118,114,"114","9.5","9.5","9.5",40112,40112.14583,40112.16667,"OK",0.020833334,"OK",0,0,4.166666667,"(P) METIO BNA PDC DE 9 1/2 CON SARTA NAVEGABLE EQ. CON MWD DE 28 MTS A 50 MTS ZAPATA DE 10 3/4.\n4","","Non-Productive","NP","0.49","PER ","Drilling","HPL-Open Hole Problems","Lost Circ"
34401,0,"Coyotes0431","S-SHAPE",118,114,"114","9.5","9.5","9.5",40112,40112.16667,40112.1875,"OK",0.020833333,"OK",0,0,4.1875,"(P) CON BNA PDC DE 9 1/2 CON SARTA NAVEGABLE EQ. CON MWD A 50 MTS ZAPATA DE 10 3/4. CIRCULO HOMOGENIZANDO COLUMNAS A 1. 13 GR/CC X 55 SEG. DE VISC. CON 80 EPM, 279 GPM, P.B: 255 PSI. OBSERVANDO UNA PERDIDA PARCIAL DE 1.5 M3 .\n4","","Non-Productive","NP","0.53","PER ","Drilling","HPL-Open Hole Problems","Lost Circ"
34402,0,"Coyotes0431","S-SHAPE",118,114,"114","9.5","9.5","9.5",40112,40112.1875,40112.25,"OK",0.0625,"OK",0,0,4.25,"(P) METE BARRENA PDC DE 9 1/2"" CON SARTA NAVEGABLE EQ. CON MWD DE 50 MTS A 114 MTS CON CIRCULACION Y ROTACION CON 80 EPM, 279 GPM, P.B: 300 PSI. NOTA: 10 MTS ANTES  DE LLEGAR A 114 MTS FONDO PERFORADO SE OBSERVO PERDIDA DE CIRCULACION TOTAL. SIN OBSERVAR EL NIVEL DE FLUIDO.\n6","","Non-Productive","NP","0.81","PER ","Drilling","HPL-Open Hole Problems","Lost Circ"
34403,0,"Coyotes0431","S-SHAPE",118,114,"114","9.5","9.5","9.5",40112,40112.25,40112.29167,"OK",0.041666667,"OK",0,0,4.291666667,"(P) SACO BNA PDC DE 9 1/2 CON SARTA NAVEGABLE EQ. CON MWD DE 114 MTS A 50 MTS ZAPATA DE 10 3/4 LIBRE.\nLLENO POZO CON 15 BLS DE AGUA ENCONTRANDO EL NIVEL A 56 MTS MANTENIENDOSE EL MISMO. .\n7","","Non-Productive","NP","0.32","PER ","Drilling","HPL-Open Hole Problems","Lost Circ"
34404,0,"Coyotes0431","S-SHAPE",118,114,"114","9.5","9.5","9.5",40112,40112.29167,40112.35417,"OK",0.0625,"OK",0,0,4.354166667,"(P) CON BNA PDC DE 9 1/2 CON SARTA NAVEGABLE EQ. CON MWD A 50 MTS ZAPATA DE 10 3/4. SE BAJO DENSIDAD AL FLUIDO DE CONTROL DE 1.10 GR/CC A 1.03 GR7CC X 50 SEG DE VISC. EN PRESAS DE TRABAJO. .\n8","","Non-Productive","NP","0.48","PER ","Drilling","HPL-Open Hole Problems","Lost Circ"
34405,0,"Coyotes0431","S-SHAPE",118,114,"114","9.5","9.5","9.5",40112,40112.35417,40112.375,"OK",0.020833333,"OK",0,0,4.375,"(P) CON BNA PDC DE 9 1/2 CON SARTA NAVEGABLE EQ. CON MWD A 50 MTS CIRCULO HOMOGENIZANDO COLUMNAS A 1.03 GR/CC CON 75 EPM, 262 GPM, P.B: 200 PSI. SUSPENDIO BOMBEO OBSERVANDO ESCURRIMIENTO CON UN FLUJO DE 3 LTS X MIN. .\n9","","Non-Productive","NP","0.75","PER ","Drilling","HPL-Open Hole Problems","Lost Circ"
34406,0,"Coyotes0431","S-SHAPE",118,114,"114","9.5","9.5","9.5",40112,40112.375,40112.41667,"OK",0.041666667,"OK",0,0,4.416666667,"(P) CON BNA PDC DE 9 1/2 CON SARTA NAVEGABLE EQ. CON MWD A 100 MTS CIRCULO CON 75 EPM, 262 GPM, P.B:\n380 PSI. OBSERVANDO CIRC. NORMAL, POSTERIORMENTE METIO BNA PDC DE 9 1/2 CON ROTACION Y CIRCULACION A 114 MTS. FONDO PERFORADO CON LAS MISMAS CONDICIONES DE OPERACIÓN. OBSERVANDO PERDIDA DE CIRCULACION TOTAL. VOL DE LODO PERDIDO 8 M3. .\n10","","Non-Productive","NP","0.79","PER ","Drilling","HPL-Open Hole Problems","Lost Circ"
34407,0,"Coyotes0431","S-SHAPE",118,114,"114","9.5","9.5","9.5",40112,40112.41667,40112.45833,"OK",0.041666666,"OK",0,0,4.458333333,"(P) SACO BNA PDC DE 9 1/2 CON SARTA NAVEGABLE EQ. CON MWD DE 114 MTS A 50 MTS ZAPATA DE 10 3/4 LIBRE.\nLLENANDO CADA TRAMO POR E.A EL VOL DE ACERO EXTRAIDO. OBSERVANDO EL NIVEL DE FLUIDO, SIN ESCURRIMIENTO. .\n11","","Non-Productive","NP","0.48","PER ","Drilling","HPL-Open Hole Problems","Lost Circ"
34408,0,"Coyotes0431","S-SHAPE",118,114,"114","9.5","9.5","9.5",40112,40112.45833,40112.47917,"OK",0.020833334,"OK",0,0,4.479166667,"(P) CON BNA PDC DE 9 1/2 CON SARTA NAVEGABLE EQ. CON MWD A 50 MTS BOMBEO 3.0 M3 DE BACHE DE 1.15\nGR/CC CON VISC. FUERA DE ESCALA CON 75 EPM 262 GPM, P.B: 370 PSI. OBSERVANDO EL NIVEL DE FLUIDO, SIN ESCURRIMIENTO. .\n11","","Non-Productive","NP","0.73","PER ","Drilling","HPL-Open Hole Problems","Lost Circ"
34409,0,"Coyotes0431","S-SHAPE",118,114,"114","9.5","9.5","9.5",40112,40112.47917,40112.52083,"OK",0.041666666,"OK",0,0,4.520833333,"(P) SE REALIZO MANTENIMIENTO PREVENTIVO AL TOP DRIVE Y AL SISTEMA PIÑON CREMALLERA. POR PROGRAMA.\n12","","Non-Productive","NP","0.81","PER ","Drilling","HPL-Open Hole Problems","Lost Circ"
34410,0,"Coyotes0431","S-SHAPE",118,114,"114","9.5","9.5","9.5",40112,40112.52083,40112.625,"OK",0.104166667,"OK",0,0,4.625,"(S) CON BNA PDC DE 9 1/2 CON SARTA NAVEGABLE EQ. CON MWD A 50 MTS. EN ESPERA DE AGUA DE PERFORACION PARA CONTINUAR GENERANDO FLUIDO DE CONTROL 15","","Non-Productive","NP","0.89","PER ","Drilling","HPL-Open Hole Problems","Lost Circ"
34411,0,"Coyotes0431","S-SHAPE",118,114,"114","9.5","9.5","9.5",40112,40112.625,40112.75,"OK",0.125,"OK",0,0,4.75,"(P) CON BNA PDC DE 9 1/2 CON SARTA NAVEGABLE EQ. CON MWD A 50 MTS . SE GENERO VOL. DE LODO Y\nDENSIFICO MISMO A 1.03 GR/CC X 40 SEG VISC.\n18","","Non-Productive","NP","0.35","PER ","Drilling","HPL-Open Hole Problems","Lost Circ"
34412,0,"Coyotes0431","S-SHAPE",118,114,"114","9.5","9.5","9.5",40112,40112.75,40112.89583,"OK",0.145833333,"OK",0,0,4.895833333,"(P) ARMO BNA PDC DE 9 1/2 CON SARTA NAVEGABLE EQ. CON MWD 100 % Y METIO LA MISMA A 85 MTS LIBRE.\n21","","Non-Productive","NP","0.41","PER ","Drilling","HPL-Open Hole Problems","Lost Circ"
34413,0,"Coyotes0431","S-SHAPE",118,114,"114","9.5","9.5","9.5",40112,40112.89583,40112.91667,"OK",0.020833334,"OK",0,0,4.916666667,"(P) CON BNA PDC DE 9 1/2 CON SARTA NAVEGABLE EQ. CON MWD A 85 MTS CIRCULO HOMOGENIZANDO COLUMNAS A 1.03 GR/CC CON 75 EPM, 262 GPM, P.CIRC: 330 PSI. OBSERVANDO CIRCULACION NORMAL. .\n22","","Non-Productive","NP","0.73","PER ","Drilling","HPL-Open Hole Problems","Lost Circ"
34414,0,"Coyotes0431","S-SHAPE",118,114,"114","9.5","9.5","9.5",40112,40112.91667,40112.9375,"OK",0.020833333,"OK",0,0,4.9375,"(P) METIO BNA PDC DE 9 1/2 CON SARTA NEVEGABLE EQ. CON MWD DE 85 MTS A 114 MTS FONDO  PERFORADO CON ROTACION Y CIRCULACION CON 75 EPM, 262 GPM, P.B: 370 PSI. OBSERVANDO PERDIDA PARCIAL DE FLUIDO DE CONTROL ( 2 M3 ) .\n22","","Non-Productive","NP","0.82","PER ","Drilling","HPL-Open Hole Problems","Lost Circ"
34415,0,"Coyotes0431","S-SHAPE",118,118,"118","9.5","9.5","9.5",40112,40112.9375,40113,"OK",0.0625,"OK",4,2.666666667,5,"(P) CON BNA PDC 9 1/2"" PERFORA DIRECCIONAL DE 114 MTS A 118 MTS RECORD: 63 MTS EN 05:48 HRS, 46 MTS ROTADOS EN 03:59 HRS, 17 MTS DESLIZADOS EN 01:49 HRS, ULTIMOS 3: 20-35-15 PROMEDIO: 5.52 MIN/MT, 10.86\nMTS/HR, CONDICIONES DE OPERACIÓN: P/BNA: 4-5 TON, 50 RPM, 150 AMP, 75 EPM, 262 GPM,  P.B: 380 PSI, LODO:\n1.03 X 40  SEG, PESO DE SARTA: 15 TON. ULTIMA DESVIACION: PROF: 89 MTS, ANGULO: 1.65°, RUMBO: 163.54, TVD:\n89, DESPLAZ : -0.08, SEV: 2.42°  SE PERFORA CON PERDIDA DE CIRCULACION 100 %  NOTA: VOL. DE LODO PERDIDO EN LAS 24 HRS: 79 M3  VOL. DE LODO PERDIDO EN TOTAL: 110 M","","Non-Productive","P","0.13","PER ","Drilling","",""
34416,0,"Coyotes0431","S-SHAPE",121,118,"118","9.5","9.5","9.5",40113,40113,40113.0625,"OK",0.0625,"OK",0,0,5.0625,"(P)  CON BNA PDC DE 9 1/2 CON SARTA NAVEGABLE EQ. CON MWD A 118 MTS RESTABLECIO CIRCULACION\nPARCIAL, Y CONTINUO CIRCULANDO DENSIFICANDO FLUIDO DE CONTROL DE 1.03 GR/CC A 1.07 GR/CC POR OBSERVAR INTENTO DE ATRAPAMIENTO INCREMENTANDO LA PRESION DE CIRCULACION DE 370 PSI A 680 PSI Y FRICCIONES DE 10 TON SOBRE SU PESO. REPASO AGUEJERO EN REPETIDAS OCASIONES ESTABLIZANDO EL MISMO. CON 75 EPM, 262 GPM, P.B: 380 PSI. Y 50 RPM. ( VOL. DE LODO PERDIDO 4.5 M3 )\n1","","Non-Productive","NP","0.86","PER ","Drilling","HPL-Open Hole Problems","Lost Circ"
34417,0,"Coyotes0431","S-SHAPE",121,118.7,"118.7","9.5","9.5","9.5",40113,40113.0625,40113.16667,"OK",0.104166667,"OK",0.7,0.279999999,5.166666667,"(P) CON BNA PDC DE 9 1/2 CON SARTA NAVEGABLE EQ. CON MWD PERFORA CONSTRUYENDO ANGULO  DE 118\nMTS A 118.70 MTS RECORD: 63.70 MTS EN 07:48 HRS, 46.5 MTS ROTADOS EN 05:59 HRS, 17 MTS DESLIZADOS EN\n01:49 HRS, ULTIMOS 3: 35-15-120 PROMEDIO: 7.35 MIN/MT, 8.16 MTS/HR, CONDICIONES DE OPERACIÓN: P/BNA: 4-5\nTON, 50 RPM, 150 AMP, 75 EPM, 262 GPM, P.B: 380 PSI, LODO: 1.07 X 40 SEG, PESO DE SARTA: 15 TON. ( SE CONTINUA PERFORANDO CON CIRCULACION PARCIAL ) ULTIMA DESVIACION: PROF: 89 MTS, ANGULO: 1.65°, RUMBO: 163.54, TVD: 89, DESPLAZ : -0.08, SEV: 2.42° VOL. DE LODO PERDIDO: 16 M3  VOL. DE LODO PERDIDO EN TOTAL: 130.5 M3\n4","","Non-Productive","P","0.15","PER ","Drilling","",""
34418,0,"Coyotes0431","S-SHAPE",121,120,"120","9.5","9.5","9.5",40113,40113.16667,40113.58333,"OK",0.416666666,"OK",1.3,0.13,5.583333333,"(P) CON BARRENA. P.D.C. DE 9 1/2"" Y SARTA NAVEGABLE CON M.W.D.PERFORO CONSTRUYENDO ANGULO DE\n118.70 - 120 MTS. MTS. RECORD 70,MTS,EN 16:37 HRS,PROM,14,2M/M,LOS 3 ULTIMOS 120,-240 -180 M/M ROT, 53 - DESL,17 MTS, (TOTAL 70 M) MTS X HRS, 4,2 CONDICIONES P/BNA,=3 -8 TONS. 50 R.P.M.AMPERES =180 E.P.M.=75\nG=262 G.P.M. LODO 1.09 E / S 1.04 SARTA 17 TONS. VOL. DE LODO PERDIDO DURANTE EL DIA 50M3VOL. DE LODO PERDIDO EN TOTAL ACOMULADO= 164.5M3.\n14","","Non-Productive","P","0.44","PER ","Drilling","",""
34419,0,"Coyotes0431","S-SHAPE",121,121,"121","9.5","9.5","9.5",40113,40113.58333,40113.70833,"OK",0.125,"OK",1,0.333333333,5.708333333,"(P) CON BARRENA PDC 9 1/2"" PERFORA DE 120 - 121 MTS. RECORD 71,0 MTS. EN 19:37 HRS. PROM.16.6 LOS 3\nULTIMOS 240 -180 -180, MTS/ HRS=3.7 CONDICIONES: P/ BNA.3 - 8 TONS.50 R.P.M.180 AMPERES75 E. P.M. G=262\nG.P.M. PB= 400 PSI LODO 1.09 GR/CC.X 55 SEG. PESO DE SARTA 17 TONS. DURANTE LA PERFORACION SE OBSERVO PERDIDA PARCIAL, AGREGA MATERIAL QUIMICO Y OBTURANTE PARA REFORSAR SISTEMA, POR DILUSION  DE  FLUIDO INVASION DE AGUA DULCE. VOL. DE LODO PERDIDO DURANTE EL DIA =50M3 VOL. DE LODO PERDIDO EN TOTAL ACUMULADO= 164.5M3 .\n17","","Non-Productive","P","0.31","PER ","Drilling","",""
34420,0,"Coyotes0431","S-SHAPE",121,121,"121","9.5","9.5","9.5",40113,40113.70833,40113.75,"OK",0.041666667,"OK",0,0,5.75,"(P) SACO BNA. A 50 MTS. EN EL INTER QUIMICO EN TURNO PREPARO 6 M3 DE BACHE VISCOSO CON DENSIDAD DE\n1.18 GR/CC Y BOMBEO 3 .5 M3 QUEDANDO POZO CONTROLADO\n18","","Non-Productive","NP","0.56","PER ","Drilling","HPL-Open Hole Problems","Lost Circ"
34421,0,"Coyotes0431","S-SHAPE",121,121,"121","9.5","9.5","9.5",40113,40113.75,40113.875,"OK",0.125,"OK",0,0,5.875,"(P) SACO BNA. A SUPERFICIE Y CON PERSONAL DIRECCIONAL ELIMINO SARTA NAVEGABLE 100%, DESGASTE DE BNA (2 - 1 - BT- M- X- I - WT- PR).\n21","","Non-Productive","NP","0.38","PER ","Drilling","HPL-Open Hole Problems","Lost Circ"
34422,0,"Coyotes0431","S-SHAPE",121,121,"121","9.5","9.5","9.5",40113,40113.875,40114,"OK",0.125,"OK",0,0,6,"(P) ARMO BNA DE 9 1/2"" TRICONICA TIPO 127 N/S, 87629 SIN TOBERAS, D/CAJA LISO DE 6 7/16"" CONEXIÓN 6 5/8"" REGULAR X 4 1/2"" I.F. MAS 6 DRILL COLARS DE 6 3/4"",(SARTA CONVENCIONAL). METIO A 60.MTS.EN EL INTER QUIMICO EN TURNO PREPARAN 67 M3 DE LODO VISCOSO SATURADO CON 121 KG X M3 DE OBTURANTE GRANULAR, MEDIO Y FINO","","Non-Productive","NP","0.51","PER ","Drilling","HPL-Open Hole Problems","Lost Circ"
34423,0,"Coyotes0431","S-SHAPE",135,121,"121","9.5","9.5","9.5",40114,40114,40114.08333,"OK",0.083333333,"OK",0,0,6.083333333,"(P)  METIO BNA.OTS.DE 9 1/2"" TRICONICA T.127 SIN TOB.CON SARTA CONVENCIONAL A 121 MTS. FONDO\nPERFORADO\n2","","Non-Productive","NP","0.67","PER ","Drilling","HPL-Open Hole Problems","Lost Circ"
34424,0,"Coyotes0431","S-SHAPE",135,124,"124","9.5","9.5","9.5",40114,40114.08333,40114.16667,"OK",0.083333334,"OK",3,1.499999988,6.166666667,"(P) CON BNA. DE 9 1/2"" PERFORA DE 121 A 124.0 MTS CORTO 3 MTS.EN 1 :45 HRS. PROMEDIO 35 MINUTOS LOS ULTIMOS 30 - 40 Y 35 CON PERDIDA PARCIAL,30 M3 X HRA. CONDICIONES P/BNA.8 TONS. ROT,60 R.P.M.TORQ.160, EMB=79 GASTO = G.P.M.PRESION 150 PSI LODO DE 1.10GR/CCX 55 SEG. PESO DE SARTA 18 TONS.\n4","","Non-Productive","P","0.05","PER ","Drilling","",""
34425,0,"Coyotes0431","S-SHAPE",135,132,"132","9.5","9.5","9.5",40114,40114.16667,40114.41667,"OK",0.25,"OK",8,1.333333333,6.416666667,"(P) CON BARRENA TRICONICA DE 9-1/2"" TIPO 127 SIN TOBERA Y SARTA CONVENCIONAL PERFORO A 132 MTS, SUSPENDIO POR FUERTE FLUJO DE AGUA DULCE, CERRO POZO SIN REGISTRAR PRESION, BAJO DENSIDAD EN PRESA DE 1.09 A 1.02 GR-CM3, EL RECORD DE BARRENA CORTO 11MTS EN 6.30HRS. PROMEDIO 35.4, LOS 3\nULTIMOS 3 25-30-30 MTS/HR. CONDICIONES SOBRE BARRENA DE 8 A 12 T., ROTARIA 60 RPM, TORQUE 180\nAMPERES, EPM 120, GPM 417, PRESION 180 PSI. LODO 1.09 X 50, PESO DE SARTA 18 T.\n10","","Non-Productive","P","0.25","PER ","Drilling","",""
34426,0,"Coyotes0431","S-SHAPE",135,132,"132","9.5","9.5","9.5",40114,40114.41667,40114.58333,"OK",0.166666666,"OK",0,0,6.583333333,"(P) PREPARA FLUIDO EN PRESA (67M3) DENSIDAD DE 1.09 X 60 Y OBTURANTE, GRADULAR, MEDIO Y FINO. 8 MTS EN PRESA DE BACHE DENSIDAD 1.18 X 68 DE VISCOSIDAD PARA CONTROLAR FLUJO DE AGUA DULCE A 50MTS. .\n14","","Non-Productive","NP","0.4","PER ","Drilling","HPL-Open Hole Problems","Lost Circ"
34427,0,"Coyotes0431","S-SHAPE",135,135,"135","9.5","9.5","9.5",40114,40114.58333,40114.83333,"OK",0.25,"OK",3,0.5,6.833333333,"(P) CON BNA.TRICONICA DE 9 1/2 MARCA O.T.S.TIPO 127 SIN TOBERAS Y SARTA COMBENSIONAL PERFORO A\n135,MTS DONDE SUSPENDIO POR OBSERVAR TORQUE DE 180 A 300 AMPERS RECORD 14 MTS, EN 8:30\nHRS.PROMEDIO 36,4 MIN X MTS LOS 3 ULTIMOS,30-46-30 MTS/HRS,= 1.7 MTS.CONDICIONES P/BNA,8 -12 TONS. R.P.M.60 AMPERES =300 E.P.M.120 G= 417 G.P.M.PRESION= 160 PSI DURANTE LA PERFORACION SE OBSERVO PERDIDA PARCIAL DE FLUIDO Y FLUJO DE AGUA DULCE A 50 MTS, CONTROLANDO FLUJO  CON BACHES LODO DENSIDAD DE 1.18 GR/CC.X 50 SEG.VISC. VOL PERDIDO DURANTE EL DIA 80 M3 VOLPERDIDO ACOMULADO TOTAL\n240 M3\n20","","Non-Productive","P","0.24","PER ","Drilling","",""
34428,0,"Coyotes0431","S-SHAPE",135,135,"135","9.5","9.5","9.5",40114,40114.83333,40115,"OK",0.166666667,"OK",0,0,7,"(P) SACO BNA. A SUPERFICIE PARA CAMBIO LLENANDO POZO CONSTANTEMENTE POR E / A DESGASTE DE BNA. 1-\n1-WT-A-F-I-NO-P","","Non-Productive","NP","0.44","PER ","Drilling","HPL-Open Hole Problems","Lost Circ"
34429,0,"Coyotes0431","S-SHAPE",168,135,"135","9.5","9.5","9.5",40115,40115,40115.16667,"OK",0.166666667,"OK",0,0,7.166666667,"(P) ARMO BNA.9 1/2 TRICONICA DE INSERTOS TIPO MX-30G CIA. BAKER N° SERIE 5108175 SIN TOBERAS MAS\nHTAS. DE 6 3/4""  METE A 90 MTS.CONTROLANDO FLUJO DE AGUA DULCE CON LODO DE 1.19 GR/CC.EN EL INTER QUIMICO EN TURNO PREPARO 50 M3  DE LODO BASE AGUA DENSIDAD 1.09 GR/CC.X60SEG VISC.\n4","","Non-Productive","NP","0.28","PER ","Drilling","HPL-Open Hole Problems","Lost Circ"
34430,0,"Coyotes0431","S-SHAPE",168,135,"135","9.5","9.5","9.5",40115,40115.16667,40115.20833,"OK",0.041666666,"OK",0,0,7.208333333,"(P) METIO BNA.DE 9 1/2"" A 127 M. DONDE ENCONTRO RESISTENCIA FRANCA, CONTROLANDO FLUJO DE AGUA DULCE CON DENSIDAD DE 1.19 GR/CC.\n5","","Non-Productive","NP","0.21","PER ","Drilling","HPL-Open Hole Problems","Lost Circ"
34431,0,"Coyotes0431","S-SHAPE",168,135,"135","9.5","9.5","9.5",40115,40115.20833,40115.25,"OK",0.041666667,"OK",0,0,7.25,"(P) CON BNA. DE 9 1/2"" Y SARTA CONVENSIONAL REPASO AGUJERO DE 127 - 135 MTS. FONDO PERFORADO CONDICIONES R.P.M.=60 E,P,M,= 120 GASTO=417 GPM, PB=80 PSI, DENSIDAD DE LODO 1.09 GR/CC.X 60 VISC. PESO SARTA 18 TONS. .\n6","","Non-Productive","NP","0.2","PER ","Drilling","HPL-Open Hole Problems","Lost Circ"
34432,0,"Coyotes0431","S-SHAPE",168,151,"151","9.5","9.5","9.5",40115,40115.25,40115.58333,"OK",0.333333333,"OK",16,2.000000002,7.583333333,"(P) CON BNA TRICONICA DE 9 1/2 + SARTA CONVENSIONAL PERFORA DE 135 A 151 MTS.CON PERDIDA PARCIAL EN EL FONDO Y FLUJO DE AGUA DULCE A 50 MTS.(ZAPATA DE 10 3/4), CONTROLANDO EL MISMO CON DENSIDAD DE\n1.19 GR/CC. LOGRANDO AVANZAR, EN LA PENETRACION DEL AGUJERO, AGREGANDO MATERIAL QUIMICO CONSTANTEMENTE AL FLUIDO INCORPORANDOLO AL SISTEMA CONDICIONES DE OPERACIÓN P/BNA. 6 A 10\nTONS, R.P.M,=60 TORQUE= 80 AMPERES E.P.M,=80 GASTO= 279 G.P.M. PB=70 PSI LODO, DE 1,07 GR/CC.X 60 SEG, VISC, RECORD DE BNA 16 MTS. EN 6:19 HRS. PROM.23,6 LOS 3 ULTIMOS 22 - 18  - 15 MIN. / MTS.=MTS./ HRA,2,6 M VOL. PERDIDO DE LA 00:00 A 14:00HRS.= 39M3\n14","","Non-Productive","P","0.18","PER ","Drilling","SAF-Safety",""
34433,0,"Coyotes0431","S-SHAPE",168,168,"168","9.5","9.5","9.5",40115,40115.58333,40116,"OK",0.416666667,"OK",17,1.699999999,8,"(P) CON BNA TRICONICA 9 1/2! PERFORA DE 151 A 168 MTS.CON PERDIDA PARCIAL EN EL FONDO Y FLUJO DE AGUA DULCE A 50 MTS.(ZAPATA DE 10 3/4), CONTROLANDO EL MISMO CON DENSIDAD DE 1.19 GR/CC. LOGRANDO AVANZAR EN LA PENETRACION DEL AGUJERO, AGREGANDO MATERIAL QUIMICO CONSTANTEMENTE AL FLUIDO INCORPORANDOLO AL SISTEMA. CONDICIONES DE OPERACIÓN P/BNA. 6 A 10 TONS, R.P.M,=60 TORQUE= 80\nAMPERES E.P.M,100 GASTO= 348 G.P.M. PB=70 PSI LODO, DE 1,05 GR/CC.X 50 SEG, VIS,,RECORD DE BNA 33 MTS. EN 15:38 HRS. PROM.28.4 LOS 3 ULTIMOS 29 - 26 - 30, MIN. / MTS.=MTS./ HRA,2.1 M  VOL.PERDIDO DE LA 00:00 A\n24:00HRS.= 63 M","","Non-Productive","P","0.15","PER ","Drilling","SAF-Safety",""
34434,0,"Coyotes0431","S-SHAPE",177,170,"170","9.5","9.5","9.5",40116,40116,40116.04167,"OK",0.041666667,"OK",2,1.999999984,8.041666667,"(P)  CON BNA 9 1/2"" PERFORA DE 168 A 170 MTS.CON PERDIDA PARCIAL EN EL FONDO Y FLUJO DE AGUA DULCE A\n50 MTS. (ZAPATA DE 10 3/4), CONTROLANDO EL MISMO CON DENSIDAD DE  1.19 GR/CC. LOGRANDO AVANZAR EN LA PENETRACION DEL AGUJERO, AGREGANDO MATERIAL QUIMICO CONSTANTEMENTE AL FLUIDO INCORPORANDOLO AL SISTEMA CONDICIONES DE OPERACIÓN P/BNA. 6 A 10 TONS, R.P.M,=60 TORQUE= 80\nAMPERES E.P.M,100 GASTO= 348 G.P.M. PB=70 PSI LODO, DE 1,05 GR/CC.X 50 SEG, VIS, RECORD DE BNA 35 MTS. EN 17:09 HRS. PROM.29.4 LOS 3 ULTIMOS 30 - 43 - 25, MIN. / MTS.=MTS./ HRA,2.M VOL.PERDIDO DE LA 00:00 A\n01:00HRS.= 2.5 M3\n1","","Non-Productive","P","0.16","PER ","Drilling","SAF-Safety",""
34435,0,"Coyotes0431","S-SHAPE",177,170,"170","9.5","9.5","9.5",40116,40116.04167,40116.16667,"OK",0.125,"OK",0,0,8.166666667,"(P) SACO BARRENA. DE 9 1/2 TRICONICA DE INSERTOS A 50 MTS, PARA CAMBIO DE SARTA NAVEGABLE, LLENANDO POZO POR E/A, CONSTANTEMENTE CON FLUIDO, DENSIDAD DE 1.05 GR/CC.X 50 SEG.VISC. .\n4","","Non-Productive","NP","0.28","PER ","Drilling","HPL-Open Hole Problems","Lost Circ"
34436,0,"Coyotes0431","S-SHAPE",177,170,"170","9.5","9.5","9.5",40116,40116.16667,40116.25,"OK",0.083333333,"OK",0,0,8.25,"(P) SACO BARRENA DE 9 1/2 TRICONICA A SUPERFICIE PARA CAMBIO DE SARTA NAVEGABLE LLENANDO POZO POR ESPACIO ANULAR CONSTANTEMENTE CON LODO, DENSIDAD 1.05 GR/CC. DESGASTE DE BARRENA 1-1-WT-A- E-I-NO-BHA. .\n6","","Non-Productive","NP","0.54","PER ","Drilling","HPL-Open Hole Problems","Lost Circ"
34437,0,"Coyotes0431","S-SHAPE",177,170,"170","9.5","9.5","9.5",40116,40116.25,40116.41667,"OK",0.166666667,"OK",0,0,8.416666667,"(P) ARMO BARRENA P.D.C. DE 9 1/2 N° DE SERIE 3551-T 56HG CON 5 TOBERAS DE 12/32 - A.T.F=0.552 DE (5) ALETAS, CORTADORES 16 MM. MAS MOTOR DE FONDO DE 6 3/4 GRADUADO A 1.5, METIO A 50 MTS. DONDE PROBO EL MISMO CON 79 E.P.M. GASTO 275 G.P.M. P. PRESION 160 PSI BIEN, EN EL INTER PERSONAL DE CIA, MONTA SERVICIOS LIMPIA PRESAS DE TRABAJO ASENTAMIENTO Y SUBCION AVANCE 75% .\n10","","Non-Productive","NP","0.27","PER ","Drilling","HPL-Open Hole Problems","Lost Circ"
34438,0,"Coyotes0431","S-SHAPE",177,170,"170","9.5","9.5","9.5",40116,40116.41667,40116.54167,"OK",0.125,"OK",0,0,8.541666667,"(P) LIMPIO PRESAS 100% QUIMICOS EN TURNO ACONDISIONAN FLUIDO 67 M3 DENSIDAD 1.05 X 50 DE VISC.\n13","","Non-Productive","NP","0.31","PER ","Drilling","HPL-Open Hole Problems","Lost Circ"
34439,0,"Coyotes0431","S-SHAPE",177,170,"170","9.5","9.5","9.5",40116,40116.54167,40116.58333,"OK",0.041666666,"OK",0,0,8.583333333,"(P) METIO BNA. DE 9 1/2"" P.D.C. Y SARTA NAVEGABLE A 150 MTS. DONDE ENCONTRO RESISTENCIA FRANCA.\n14","","Non-Productive","NP","0.59","PER ","Drilling","HPL-Open Hole Problems","Lost Circ"
34440,0,"Coyotes0431","S-SHAPE",177,170,"170","9.5","9.5","9.5",40116,40116.58333,40116.66667,"OK",0.083333334,"OK",0,0,8.666666667,"(P) CON BNA. DE 9 1/2"" P.D.C. Y SARTA NAVEGABLE REPASO INTERVALO DE 150 A 170 MTS.(20 M) CON LAS SIGUIENTES CONDICIONES R.P.M=.60, AMPERES=120, E.P.M= 80, GASTO =278 G.P.M, PRESION= 450 PSI, Y TOMO DESVIACION, ANG=4.94 RUMB.S=171.54 E - VERT= 154.81 DESPL.6.47 M -SEV.0.96\n16","","Non-Productive","NP","0.29","PER ","Drilling","HPL-Open Hole Problems","Lost Circ"
34441,0,"Coyotes0431","S-SHAPE",177,177,"177","9.5","9.5","9.5",40116,40116.66667,40116.79167,"OK",0.125,"OK",7,2.333333333,8.791666667,"(P) CON BNA PDC 9 1/2"" PERFORA DIRECCIONAL DE 170 M A 177 M. CON PERDIDA TOTAL EN EL FONDO Y FLUJO DE AGUA DULCE A 50 MTS.CONTROLANDO. EL MISMO CON DENSIDAD DE 1.19  GR/CC.VISC.60SEG, SUSPENDIO PERFORACION POR FALTA DE FLUIDO PREPARADO, MOVIENDO. SARTA VERTICALMENTE, RECORD DE BNA.CORTO 7 MTS. EN .30 HRS. PROM. 4.3 MN X M (ROT= 3 - DESL=4) CONDICIONES DE OPERACIÓN  P/BNA= 4 -6\nTONS. ROT= 60, AMPERES= 120, E.P.M.= 80, GASTO= 278 G.P.M, PRESION= 450 PSI.DENSIDAD DE LODO 1.05 GR/CC X 60  EN EL INTER SE OBSERVO REVENTON SUBTERRANEO DE AGUA DULCE FRENTE AL PORTON DE ENTRADA DENTRO DE LA LOCALIZACION\n19","","Non-Productive","P","0.31","PER ","Drilling","SAF-Safety",""
34442,0,"Coyotes0431","S-SHAPE",177,177,"177","9.5","9.5","9.5",40116,40116.79167,40117,"OK",0.208333333,"OK",0,0,9,"(P) PREPARO 10 M3 DE FLUIDO VISCOSO CON SATURACION DE OBTURANTE DE 230 KGMS / M3 PARA COLOCARLO EN ZONA DE PERDIDA, EN EL INTER SACO BNA. 177 A 120 M OBSERVANDO FRICCION DE 25 TONS. S/ PESO TRABAJO SARTA CON CIRCULACION Y ROTACION LIBERANDO LA MISMA Y SACA A 50 M DONDE COLOCA 5 M3 DE BACHE VISCOSO SATURADO DE OBTURANTE.NOTA: SE ANALIZA EL AGUA DE LA ZAPATA ENCONTRANDOSE LAS SIGUIENTES PROPIEDADES AGUA=100%CALCIO =200 PPM,  CACO3= 500 PPM,CLORURO= 2400 PPM, PH=","","Non-Productive","NP","0.71","PER ","Drilling","HPL-Open Hole Problems","Lost Circ"
34443,0,"Coyotes0431","S-SHAPE",186,177,"177","9.5","9.5","9.5",40117,40117,40117.16667,"OK",0.166666667,"OK",0,0,9.166666667,"(P)  SACO BARRENA A SUPERFICIE Y DESARMO SARTA NAVEGABLE 100%, METIO T.P. FRANACA DE 4"" A 50 MTS\nPARA COLOCAR T X C. CON 25 TONS DE CEMENTO, CONTINUA REVENTON SUPTERRANEO FLUYENEDO AGUA DULCE CON LA MISMA INTENCIDAD. .\n4","","Non-Productive","NP","0.33","PER ","Drilling","HPL-Open Hole Problems","Lost Circ"
34444,0,"Coyotes0431","S-SHAPE",186,177,"177","9.5","9.5","9.5",40117,40117.16667,40117.39583,"OK",0.229166666,"OK",0,0,9.395833333,"(P) PREPARO 26 M3 DE BACHE VISCOSO DENSIDAD 1.07GR/CC, EN EL INTER BAJO TP DE 4"" FRANCA A FONDO A\n177 M.\n9","","Non-Productive","NP","0.71","PER ","Drilling","HPL-Open Hole Problems","Lost Circ"
34445,0,"Coyotes0431","S-SHAPE",186,177,"177","9.5","9.5","9.5",40117,40117.39583,40117.5,"OK",0.104166667,"OK",0,0,9.5,"(P) BOMBEO 10 M3 DE BACHE VISCOSO EN AGUJERO DESCUBIERTO ZONA DE PERDIDA Y SACO FRANCA A 40 M. Y SACO A SUPERFICIE LLENANDO POZO VOLUMEN DE ACERO EXTRAIDO. OBSERVANDO NIVEL A 2 M DE LA LINEA DE FLOTE. .\n12","","Non-Productive","NP","0.54","PER ","Drilling","HPL-Open Hole Problems","Lost Circ"
34446,0,"Coyotes0431","S-SHAPE",186,177,"177","9.5","9.5","9.5",40117,40117.5,40117.58333,"OK",0.083333333,"OK",0,0,9.583333333,"(P) ARMO BARRENA PDC 9 1/2"", N. DE SERIE 3551-T 56HG SIN TOBERAS Y HERRAMIENTAS DE 6  3/4"" METE ACTUALMENTE A 50 M.\n14","","Non-Productive","NP","0.14","PER ","Drilling","HPL-Open Hole Problems","Lost Circ"
34447,0,"Coyotes0431","S-SHAPE",186,177,"177","9.5","9.5","9.5",40117,40117.58333,40117.66667,"OK",0.083333334,"OK",0,0,9.666666667,"(P) SE EFECTUO SIMULACRO SOBRE CONTROL DE BROTES CIERRE DE POZO 30 SEGUNDOS. METIO BNA PDC DE\n9 1/2"" Y SARTA CONVENCIONAL A 177 METROS FONDO PERFORADO ESTABILIZANDO LOS ULTIMOS 20 METROS POR MARGEN DE SEGURIDAD. DENSIDAD DE LODO 1.05GR/CC X 130 SEG. PESO DE SARTA 20 TON.\n16","","Non-Productive","NP","0.17","PER ","Drilling","HPL-Open Hole Problems","Lost Circ"
34448,0,"Coyotes0431","S-SHAPE",186,186,"186","9.5","9.5","9.5",40117,40117.66667,40117.875,"OK",0.208333333,"OK",9,1.800000003,9.875,"(P) CON BARRENA PDC DE 9 1/2"" Y SARTA CONVENCIONAL PERFORÓ DE 177 A 186 METROS CON LAS SIGUIENTES CONDICIONES PESO BNA DE 8- 10 TON, ROTARIA 100 RPM, TORQUE 160AMPS, EPM = 80, GASTO 278 GPM, PRESION BOMBA 100PSI LODO: 1.05GR/CC X 90 SEG DE VISCOSIDAD. PESO SARTA 20 TONS. RECORD DE BARRENA, CORTO 16 M EN 5.29 HORAS PROMEDIO 20.5 MN/M LOS 3 ULTIMOS 17-15-70 MTS /HRS= 3 DONDE SUSPENDIO POR INCREMENTO EN TIEMPO DE PENETRACION.\n21","","Non-Productive","P","0.05","PER ","Drilling","SAF-Safety",""
34449,0,"Coyotes0431","S-SHAPE",186,186,"186","9.5","9.5","9.5",40117,40117.875,40118,"OK",0.125,"OK",0,0,10,"(P) SACO BARRENA PDC DE 9 1/2"" Y SARTA CONVENCIONAL A SUPERFICIE LLENANDO POZO CONSTANTEMENTE PARA CAMBIO DE BARRENA DE INSERTOS","","Non-Productive","NP","0.17","PER ","Drilling","HPL-Open Hole Problems","Lost Circ"
34450,0,"Coyotes0431","S-SHAPE",246,186,"186","9.5","9.5","9.5",40118,40118,40118.16667,"OK",0.166666667,"OK",0,0,10.16666667,"(P) ARMO BARRENA TRICONICA DE 9 1/2"" DE TIPO MX-30G INSERTOS MARCA BERKER HUGHES SIN TOBERAS\nMAS HERRAMIENTAS DE 6 3/4"" METIO A FONDO 160 MTS. LIBRE OBSERVANDO ESCURRIMIENTO DE AGUA DULCE POR LINIA DE FLOTE VOLUMEN EN PRESAS PREPARADOS 57 M3 DENSIDAD 1.07 GR/CC.X 90 SEG.VISC.\n4","","Non-Productive","NP","0.24","PER ","Drilling","HPL-Open Hole Problems","Lost Circ"
34451,0,"Coyotes0431","S-SHAPE",246,186,"186","9.5","9.5","9.5",40118,40118.16667,40118.20833,"OK",0.041666666,"OK",0,0,10.20833333,"(P) METIO BNA DE 9 1/2"" TRICONICA DE INSERTOS CON SARTA CONVENCIONAL A 186 METROS PERFORADOS ESTABILIZANDO LOS ULTIMOS 20 METROS POR MARGEN DE SEGURIDAD\n5","","Non-Productive","NP","0.26","PER ","Drilling","HPL-Open Hole Problems","Lost Circ"
34452,0,"Coyotes0431","S-SHAPE",246,206,"206","9.5","9.5","9.5",40118,40118.20833,40118.58333,"OK",0.375,"OK",20,2.222222222,10.58333333,"(P) CON BARRENA DE 9 1/2 TRICONICA DE INSERTOS Y SARTA CONVENCIONAL PERFORA CON PERDIDA PARCIAL\nA LA PROFUNDIDAD DE 206 METROS, CON RECORD 206 M. EN 12.13 HRS. PROMEDIO 20.9 LOS 3 ULTIMOS METROS\n12-22-28 MIN/M. CONDICIONES DE OPERACIÓN PSB= 10-12TONS. ROTARIA=66RPM. TORQUE= 100AMPS. EPM=80, GASTO= 278 GPM, PRESION BOMBA= 100PSI, LODO 1.05GR/CC X 61SEG. PESO SARTA = 19 TONS. VOLUMEN PERDIDO DURANTE EL DIA 60 M3 . VOLUMEN PERDIDO ACUMULADO 113M3. NOTA: POR VIAS DE ACCESO CERRADO POR SEÑOR GONZALO MENDEZ APARTIR DE 8:00AM DEL 01-NOVIEMBRE-09. .\n14","","Non-Productive","P","0.33","PER ","Drilling","SAF-Safety",""
34453,0,"Coyotes0431","S-SHAPE",246,246,"246","9.5","9.5","9.5",40118,40118.58333,40119,"OK",0.416666667,"OK",40,3.999999997,11,"(P) CON BARRENA DE 9 1/2 TRICONICA DE INSERTOS Y SARTA CONVENCIONAL PERFORA CON PERDIDA PARCIAL DESDE 206 M. A 246 M. METROS, RECORD= 75 M. EN 22.01 HRS. PROM, 17.6 LOS 3 ULTIMOS 17 - 24 - 20. MIN/M. MTS/HRS=3.40, CONDICIONES DE OPERACIÓN PSB= 10-12TONS. ROTARIA= 70 RPM. TORQUE= 100AMPS. EPM=80, GASTO= 278 GPM, PRESION BOMBA= 100 PSI, LODO 1.05 GR/CC. X 61 VISC SEG. PESO SARTA = 19 TONS. NOTA: VOLUMEN PERDIDO 227 M3","","Non-Productive","P","0.07","PER ","Drilling","SAF-Safety",""
34454,0,"Coyotes0431","S-SHAPE",305,263,"263","9.5","9.5","9.5",40119,40119,40119.16667,"OK",0.166666667,"OK",17,4.249999992,11.16666667,"(P)  CON BARRENA DE 9 1/2 TRICONICA DE INSERTOS Y SARTA CONVENCIONAL PERFORA CON PERDIDA PARCIAL\nDESDE 246 A 263 METROS, RECORD= 92 M.EN 25:48 HRS. PROM,13.0 X M, LOS 3 ULTIMOS 13 - 10 - 12 - MN/M. MTS/HRS=3.6, CONDICIONES DE OPERACIÓN PSB= 10-12TONS. ROTARIA= 70 RPM. TORQUE= 100 AMPS. EPM=80, GASTO= 278 GPM, PRESION BOMBA= 100 PSI, LODO 1.05 GR/CC. X 61 VISC SEG. PESO SARTA = 19 TONS. .\n4","","Non-Productive","P","0.06","PER ","Drilling","SAF-Safety",""
34455,0,"Coyotes0431","S-SHAPE",305,277,"277","9.5","9.5","9.5",40119,40119.16667,40119.29167,"OK",0.125,"OK",14,4.666666667,11.29166667,"(P) CON BARRENA DE 9 1/2 TRICONICA DE INSERTOS Y SARTA CONVENCIONAL PERFORA CON PERDIDA PARCIAL DE 263 A 277 METROS, DONDE SUSPENDIO POR FALTA DE MATERIAL QUIMICO, RECORD= 106 M.EN 28:46 HRS. PROM,16.2 LOS 3 ULTIMOS 15 - 12 - 8. MIN./M. MTS/HRS=3.7, CONDICIONES DE OPERACIÓN PSB= 10-12TONS. ROTARIA= 70 RPM 100 AMPERES, EPM=80, GASTO= 278 GPM, PRESION BOMBA= 100 PSI, LODO 1.05 GR/CC. X 38\nVISC SEG. PESO SARTA\n7","","Non-Productive","P","0.07","PER ","Drilling","SAF-Safety",""
34456,0,"Coyotes0431","S-SHAPE",305,277,"277","9.5","9.5","9.5",40119,40119.29167,40119.375,"OK",0.083333333,"OK",0,0,11.375,"(P) SACO BARRENA A LA ZAPATA 10 3/4"" 50 M, AL INICIAR SACAR OBSERVO SARTA ATRAPADA CON 100 TONS.\nS/PESO TOP DRIVE Y TRABAJO SARTA CON CIRCULACION Y ROTACION LIBERANDO LA MISMA A 249 MTS. 100%, LODO DENSIDAD 1.05 GR/CC.X 38 SEG.VISC. .\n9","","Non-Productive","NP","0.69","PER ","Drilling","HPL-Open Hole Problems","Lost Circ"
34457,0,"Coyotes0431","S-SHAPE",305,277,"277","9.5","9.5","9.5",40119,40119.375,40119.58333,"OK",0.208333333,"OK",0,0,11.58333333,"(P) CON BARRENA EN LA ZAPATA 10 3/4"", QUIMICOS EN TURNO PREPARAN 81M3 DE FLUIDO BASE AGUA DENSIDAD 1.07GR X 105 SEG. DE VISC- DURANTEL LA PREPARACION DE FLUIDO CERRO POZO POR OBSERVAR FLUJO DE AGUA DULCE. VOLUMEN PERDIDO DURANTE EL DIA DE HOY 62M3  NOTA: CAMINO DE ACCESO ABIERTO. TIEMPO DE CIERRE DE CAMINO ACUMULADO = 24: HRS. .\n14","","Non-Productive","NP","0.5","PER ","Drilling","HPL-Open Hole Problems","Lost Circ"
34458,0,"Coyotes0431","S-SHAPE",305,277,"277","9.5","9.5","9.5",40119,40119.58333,40119.64583,"OK",0.0625,"OK",0,0,11.64583333,"(P) METIO BARRENA DE 9 1/2 DE INSERTOS Y SARTA CONVENCIONAL DE 50 A 220 M. RESISTENCIA FRANCA\n15","","Non-Productive","NP","0.64","PER ","Drilling","HPL-Open Hole Problems","Lost Circ"
34459,0,"Coyotes0431","S-SHAPE",305,277,"277","9.5","9.5","9.5",40119,40119.64583,40119.70833,"OK",0.0625,"OK",0,0,11.70833333,"(P) ESTABILIZO AGUJERO DE 220 M. A 277 M. FONDO PERFORADO. CONDICIONES ROTACION 70 RPM, EMBOLADAS\n=80 EPM , GASTO= 278 GPM, PB= 80PSI, DENSIDAD DE LODO = 1.07GR/CC X 105 SEG. PESO DE SARTA = 19 TONS, .\n17","","Non-Productive","NP","0.07","PER ","Drilling","HPL-Open Hole Problems","Lost Circ"
34460,0,"Coyotes0431","S-SHAPE",305,305,"305","9.5","9.5","9.5",40119,40119.70833,40120,"OK",0.291666667,"OK",28,3.999999995,12,"(P) CON BARRENA DE 9 1/2 TRICONICA DE INSERTOS Y SARTA CONVENCIONAL PERFORA CON PERDIDA PARCIAL DE 277 METROS A 305 , RECORD = 134 METROS EN 35.38 HRS, PROM= 15.9MIN/M, LOS 3 ULTIMOS 12-15-15 MIN/M MTS/HRS= 3.8, DENSIDAD DE LODO 1.05GR/CC X 82 SEG. VISCOSIDAD. PESO DE SARTA= 24 TONS. CONDICIONES DE OPERACIÓN P/B= 12-13 TONS. ROTARIA = 80 RPM, TORQUE= 120 AMP, 98 EMP, GASTO= 341 GPM. PRESION BOMBA= 280 PSI","","Non-Productive","P","0.08","PER ","Drilling","SAF-Safety",""
34461,0,"Coyotes0431","S-SHAPE",305,305,"305","9.5","9.5","9.5",40120,40120,40120.16667,"OK",0.166666667,"OK",0,0,12.16666667,"(P)  SACO BNA, DE 9 1/2"" A LA ZAPATA 10 3/4""- 50 M, POR MARGEN DE SEGURIDAD Y ACONDICIONANDO 80 M3 DE\nFLUIDO EN PRESAS DE TRABAJO AVANCE 60%.\n4","","Non-Productive","NP","0.43","PER ","Drilling","HPL-Open Hole Problems","Lost Circ"
34462,0,"Coyotes0431","S-SHAPE",305,305,"305","9.5","9.5","9.5",40120,40120.16667,40120.375,"OK",0.208333333,"OK",0,0,12.375,"(P) TERMINO DE ACONDICIONAR FLUIDO EN PRESAS DENSIDAD 1.08 GR/CC X 110 DE VISCOSIDAD. (PRESA DE BACHE 10 M3 DE 1.18GR/CC. X 105 DE VISCOSIDAD.) Y EN EL INTER SACO BNA A SUPERFICIE PARA INSTALAR EQUIPO MWD . DESGASTE DE BARRENA 1-1( BUENA)\n9","","Non-Productive","NP","0.26","PER ","Cond Trip","HPL-Open Hole Problems","Lost Circ"
34463,0,"Coyotes0431","S-SHAPE",305,305,"305","9.5","9.5","9.5",40120,40120.375,40120.58333,"OK",0.208333333,"OK",0,0,12.58333333,"(P) ARMO BNA DE INSERTOS SIN TOBERAS Y ARMO SARTA DIRECIONAL CON EQUIPO MWD SIN MOTOR DE FONDO Y METE A FONDO ESTABILIZANDO LOS ULTIMOS 30 MTS, POR RESISTENCIA, Y COLOCA BACHE DE 12 M3. DENSIDAD 1.18 GR/CC X 110 SEG DE VISCOSIDAD. E.P.M. =79, GASTO : 275 GPM, PB :246 PSI, PESO DE SARTA 20\nTON . QUEDANDO EN AGUJERO DESCUBIERTO. .\n14","","Non-Productive","NP","0.29","PER ","Cond Trip","HPL-Open Hole Problems","Lost Circ"
34464,0,"Coyotes0431","S-SHAPE",305,305,"305","9.5","9.5","9.5",40120,40120.58333,40120.70833,"OK",0.125,"OK",0,0,12.70833333,"(P) SACO BNA, DE 9 1/2"" A SUPERFICIE LLENANDO POZO CADA 2 TRAMOS POR E / A.CON LODO DE I.I8 GR/ CC.VISC.110 Y DESARMO EQUIPO DE M.W.D, LIMPIO PISO ROTARIA, DESPEJO RAMPA Y MUELLE DE TUBERIA .\n17","","Non-Productive","NP","0.08","PER ","Cond Trip","HPL-Open Hole Problems","Lost Circ"
34465,0,"Coyotes0431","S-SHAPE",305,305,"305","9.5","9.5","9.5",40120,40120.70833,40120.75,"OK",0.041666667,"OK",0,0,12.75,"(P) CON UNIDAD APILADOR DEL EQUIPO MOVIO 25 TRAMOS DE T.R.DE 7 5/8"" 26.4 B.C.N. J-55  DEL PATIO DE TUBERIA A LOS BURROS CARGADORES,Y COLOCO CENTRADORES SEGÚN PROGRAMA .\n18","","Non-Productive","NP","0.32","PER ","Case & Cmnt","HPL-Open Hole Problems","Lost Circ"
34466,0,"Coyotes0431","S-SHAPE",305,305,"305","9.5","9.5","9.5",40120,40120.75,40120.79167,"OK",0.041666667,"OK",0,0,12.79166667,"(N) CON PERSONAL DE CABEZALES ARMO PESCANTE TIPO ROSCABLE Y PESCO BUJE DE DESGASTE DE CABEZAL\n19","","Productive","P","0.16","PER ","Case & Cmnt","SAF-Safety",""
34467,0,"Coyotes0431","S-SHAPE",305,305,"305","9.5","9.5","9.5",40120,40120.79167,40120.85417,"OK",0.0625,"OK",0,0,12.85416667,"(N) CON PERSONAL TUBULARES EFECTUO PREPARATIVOS PARA INTRODUCIR TR 7 5 /8""- J 55 - 26.4 LB/FT B.C.N.\n20","","Productive","P","0.05","PER ","Case & Cmnt","SAF-Safety",""
34468,0,"Coyotes0431","S-SHAPE",305,305,"305","9.5","9.5","9.5",40120,40120.85417,40120.875,"OK",0.020833333,"OK",0,0,12.875,"(N) REALIZO PLATICA DE SEGURIDAD Y OPERACIÓN CON TODO EL PERSONAL INVOLUCRADO EN METER LA TR DE\n75\n21","","Productive","P","0.02","PER ","Case & Cmnt","SAF-Safety",""
34469,0,"Coyotes0431","S-SHAPE",305,305,"305","9.5","9.5","9.5",40120,40120.875,40121,"OK",0.125,"OK",0,0,13,"(N) CONECTÓ ZAPATA GUIA + 1 TRAMO DE TR 7 5/8"" J 55 - 26.4 LB/PIE BCN + COPLE FLOTADOR +22 TRAMOS DE T.R.7 J 55 - 26.4 LB/PIE - B.C.N - METE CON APRIETE GEOMETRICO A 275 MTS. LLENANDO CADA 5 TRAMOS SIN DESPLAZAR OBSERVANDO FLUJO DE AGUA DULCE POR ESPACIO ANULAR CONTROLANDO EL MISM","","Productive","P","0.11","PER ","Case & Cmnt","SAF-Safety",""
34470,0,"Coyotes0431","S-SHAPE",305,306,"306","6.75","9.5","9.5",40121,40121,40121.08333,"OK",0.083333333,"OK",1,0.500000002,13.08333333,"(N)  EFECTUO AJUSTE DE TR 7 5/8 Y COLGO MISMA EN NIDO DE CABEZAL. QUEDANDO ZAPATA GUIA A 303METROS\n(F. PERFORADO 306 METROS SIN DESPLAZAR ).\n2","","Productive","P","0.06","PER ","Case & Cmnt","SAF-Safety",""
34471,0,"Coyotes0431","S-SHAPE",305,306,"306","6.75","9.5","9.5",40121,40121.08333,40121.16667,"OK",0.083333334,"OK",0,0,13.16666667,"(N) CON T. R. DE 7 5/8"" A 303 METROS CON PERSONAL DE COMPAÑÍA B. J. EFECTUA PREPARATIVOS PARA CEMENTAR LA MISMA AVANCE 50 %\n4","","Productive","P","0.11","PER ","Case & Cmnt","SAF-Safety",""
34472,0,"Coyotes0431","S-SHAPE",305,306,"306","6.75","9.5","9.5",40121,40121.16667,40121.1875,"OK",0.020833333,"OK",0,0,13.1875,"(N) CON T. R. DE 7 5/8"" A 303 METROS CON PERSONAL DE COMPAÑÍA B. J. ARMÓ CABEZA DE CEMENTACIÓN Y LÍNEAS EFECTUO PLATICA DE SEGURIDAD Y OPERACIÓN CON PERSONAL INVOLUCRADO PARA CEMENTAR TR 7-\n5/8"" .\n4","","Productive","P","0.02","PER ","Case & Cmnt","SAF-Safety",""
34473,0,"Coyotes0431","S-SHAPE",305,306,"306","6.75","9.5","9.5",40121,40121.1875,40121.29167,"OK",0.104166667,"OK",0,0,13.29166667,"(P) CON PERSONAL Y EQUIPO DE BJ SE REALIZO CEMENTACION DE TR DE 7 5/8 A 303 MTS, CON  10 TONS CEMENTO PROBO LINEAS SUPERFICIALES CON 3000 PSI, SOLTO TAPON DIAFRAGMA.  MEZCLO Y BOMBEO 42.7\nBLS DE LECHADA LIGERA SCAVENGER, D= 1.15 GR/CM3 A UN Q: DE 4 BPM, Y UNA P.B: 53 PSI.  MEZCLA Y BOMBEA\n42.9 BLS DE LECHADA UNICA DE 1.89 GR/CC A UN Q: 4 BPM, P.B: 72 PSI, SOLTO TAPON SOLIDO Y DESPLAZA MISMO CON 45 BLS  DE LODO POLIMERICO INHIBIDO DE 1. 20 GR/CC A UN Q: DE 7-5-1 BPM, P.B: DE 150 PSI. ACOPLO TAPON CON 5BBLS DE AGUA D=1.01GR/CC Q= 1BPM, PB= 150-660PSI. CHECO EQUIPO DE FLOTACION OK. RETORNO O.25 BLS, ALA CAJA DE UAP, DURANTE LA OPERACIÓN NO HUBO RETORNO DE CIRCULACION. A SUPERFICIE. .\n7","","Non-Productive","P","0.01","PER ","Case & Cmnt","SAF-Safety",""
34474,0,"Coyotes0431","S-SHAPE",305,306,"306","6.75","9.5","9.5",40121,40121.29167,40121.41667,"OK",0.125,"OK",0,0,13.41666667,"(N) LAVO CABEZAL DE 10 3/4 X 11 5M , CONJUNTO DE PREVENTORES DE 11 5 M, C.S.C. Y DESMANTELO CABEZA DE CEMENTAR Y LINEAS SUPERFICIALES 100% Y SE ELIMINO TUBO ANCLA Y SE INSTALO ENSAMBLE DE SELLOS (PACK OFF) DE   11 X 7-5/8 Y SE PROBARON LOS SELLOS DEL MISMO CON 4200 PSI DURANTE 15 MIN BIEN.\n10","","Productive","P","0.01","PER ","Case & Cmnt","SAF-Safety",""
34475,0,"Coyotes0431","S-SHAPE",305,306,"306","6.75","9.5","9.5",40121,40121.41667,40121.58333,"OK",0.166666666,"OK",0,0,13.58333333,"(N) CON T.R. 7 5/8"" CEMENTADA A 303 M.ESPERO FRAGUADO (8 HRS) EN EL INTER PERSONAL DE FLUIDO QUIMICOS LAVAN PRESAS AVANCE 25 %, PERSONAL DIRECCIONALES ARMAN BHA AVANCE 15% .\n14","","Productive","P","0.58","PER ","Case & Cmnt","SAF-Safety",""
34476,0,"Coyotes0431","S-SHAPE",305,306,"306","6.75","6.75","6.75",40121,40121.58333,40121.6875,"OK",0.104166667,"OK",0,0,13.6875,"(N) ARMO BARRENA PDC DE 6 3/4"" CON SARTA NAVEGABLE EQ. CON MWD. .\n16","","Productive","P","0.26","PER ","Drillout","SAF-Safety",""
34477,0,"Coyotes0431","S-SHAPE",305,306,"306","6.75","6.75","6.75",40121,40121.6875,40122,"OK",0.3125,"OK",0,0,14,"(N) METIO BARRENA PDC 6 3/4"" CON SARTA NAVEGABLE CON EQ. MWD . A 143 M. REANUDO OPERACIONES. EN INTER LAVADO DE PRESAS. PROBO MOTOR DE FONDO Y MWD CON 80 EPM, 222 GPM, PBBA 400 PSI, BIEN. A LA PROFUNDIDAD DE 123 M.","","Productive","P","0.4","PER ","Drillout","SAF-Safety",""
34478,0,"Coyotes0431","S-SHAPE",357,306,"306","6.75","6.75","6.75",40122,40122,40122.08333,"OK",0.083333333,"OK",0,0,14.08333333,"(N)  CON BNA. PDC.DE 6 3/4"""" Y SARTA NAVAGABLE CON EQUIPO M.W.D. REBAJO CEMENTO Y COPLE DE 285 A 297\nMTR CORTO 12 MTS. EN 1:00 HRS.PROM. 5 MIN. CIRCULO Y CON UNIDAD PRUEBA PROBO T.R.CON 1200 PSI DTE.15MIN. BIEN. DENSIDAD DE LODO =1.18 GR/CC.\n2","","Productive","P","0.03","PER ","Drillout","SAF-Safety",""
34479,0,"Coyotes0431","S-SHAPE",357,306,"306","6.75","6.75","6.75",40122,40122.08333,40122.16667,"OK",0.083333334,"OK",0,0,14.16666667,"(S) POR CAMBIO DE PROGRAMA ATG PEMEX. SACA BARRENA PARA TOMAR REGISTROS ELECTRICOS DE CEMENTACION (CBL -R/G) A LA PROFUNDIDAD DE 200 M. LLENANDO POZO POR E/ A CADA 5 TRAMOS. .\n4","","Non-Productive","NP","0.28","PER ","Logging","HPL-Open Hole Problems","Lost Circ"
34480,0,"Coyotes0431","S-SHAPE",357,306,"306","6.75","6.75","6.75",40122,40122.16667,40122.29167,"OK",0.125,"OK",0,0,14.29166667,"(S) SACA BARRENA PARA TOMAR REGISTROS ELECTRICOS DE CEMENTACION (CBL -R/G) A LA PROFUNDIDAD DE\n297 MTS. LLENANDO POZO POR E/ A CADA 5 TRAMOS. POR PROGRAMA ATG PEMEX. .\n7","","Non-Productive","NP","0.08","PER ","Logging","HPL-Open Hole Problems","Lost Circ"
34481,0,"Coyotes0431","S-SHAPE",357,306,"306","6.75","6.75","6.75",40122,40122.29167,40122.33333,"OK",0.041666666,"OK",0,0,14.33333333,"(S) LIMPIAN PISO , DESPEJAN RAMPA Y MUELLE DE TUBERIA. .\n8","","Non-Productive","NP","0.15","PER ","Logging","HPL-Open Hole Problems","Lost Circ"
34482,0,"Coyotes0431","S-SHAPE",357,306,"306","6.75","6.75","6.75",40122,40122.33333,40122.52083,"OK",0.1875,"OK",0,0,14.52083333,"(S) CON UNIDAD DE REGISTROS ELECTRICOS 14161 DE COMPAÑÍA WEATHERFORD TOMO REGISTROS (CBL- R/G) POR PROGRAMA ATG PEMEX. (ADHERENCIA 100% DE 202 A 303 METROS) CIMA DE  CEMENTO A 193 METROS. .\n12","","Non-Productive","NP","0.09","PER ","Logging","HPL-Open Hole Problems","Lost Circ"
34483,0,"Coyotes0431","S-SHAPE",357,306,"306","6.75","6.75","6.75",40122,40122.52083,40122.72917,"OK",0.208333334,"OK",0,0,14.72916667,"(N) ARMO BARRENA PDC 6-3/4"" Y SARTA NAVEGABLE CON EQUIPO MWD Y PROBO MISMO CON 80 EPM, 222 GPM, PBBO 420 PSI, EN SUPERFICIE. BIEN Y METIO A FONDO 297 M.\n17","","Productive","P","0.45","PER ","Drillout","SAF-Safety",""
34484,0,"Coyotes0431","S-SHAPE",357,310,"310","6.75","6.75","6.75",40122,40122.72917,40122.79167,"OK",0.0625,"OK",4,2.666666667,14.79166667,"(N) REBAJO CEMENTO Y ZAPATA A 303 M. Y PERFORO A 310 M. Y CIRCULÓ TIEMPO DE ATRASO. PSB 2-3 TONS, ROTARIA= 60 RPM, TORQUE= 100 AMPS, EPM= 80, GASTO= 234 GPM, PB= 600 PSI, DENSIDAD LODO 1.18 GR/CC X\n75 SEG. PESO DE SARTA: 19 TONS. .\n19","","Productive","P","0.03","PER ","Drilling","SAF-Safety",""
34485,0,"Coyotes0431","S-SHAPE",357,310,"310","6.75","6.75","6.75",40122,40122.79167,40122.8125,"OK",0.020833333,"OK",0,0,14.8125,"(N) EFECTUO PRUEBA DE DENSIDAD EQUIVALENTE DE CIRCULACION A 1.70 GR/CC A PROFUNDIDAD  DE 310 M.\nPRESION MAX: 260 PSI Y UNA PRESION PRUEBA FINAL DE 230 PSI, DURANTE 10 MIN BIEN. .\n19","","Productive","P","0.08","PER ","Drilling","SAF-Safety",""
34486,0,"Coyotes0431","S-SHAPE",357,357,"357","6.75","6.75","6.75",40122,40122.8125,40123,"OK",0.1875,"OK",47,10.44444444,15,"(N) CON BARRENA PDC DE 6-3/4"" PERFORA DIRECCIONAL DE 310 M. A 357 M. EN 1:54 HRS. ROP 34 MPH.\nMTS/DES=17 TOTAL= 51 PROMEDIO=2.2 LOS 3 ULTIMOS 1 - 1 -1CADA UNO MTS/HRS= 26.8 CONDICIONES DE OPERACIÓN. PSB 4-5 TONS, ROTARIA 60 RPM, EPM 97, GASTO 236 GPM, PBBA 900 PSI. DENSIDAD LODO 1.18\nGR/CC X 100 SEG. PESO DE SARTA: 18 TONS.","","Productive","P","0.01","PER ","Drilling","SAF-Safety",""
34487,0,"Coyotes0431","S-SHAPE",990,370,"370","6.75","6.75","6.75",40123,40123,40123.02083,"OK",0.020833333,"OK",13,26.00000041,15.02083333,"(N)  CON BNA PDC DE 6 3/4"" Y SARTA NAVEGABLE CON EQ. MWD PERFORO DE 357 A 370 METROS DONDE\nCIRCULO T/A LEVANTO BNA 20 METROS DE FONDO. POR MARGEN DE SEGURIDAD CORTO 66 M, EN 2:11 HRS, PROM 1.98. MTS/ROT= 40 MTS/DES=26 TOTAL= 66 PROMEDIO=1.98 LOS 3 ULTIMOS 1 - 1 -1CADA UNO MTS/HRS=\n31.3. CONDICIONES DE OPERACIÓN P.S.B= 4-5 TONS. ROTARIA= 60 RPM, E.P.M =97 GASTO=236 PB=900 PSI, DENSIDAD LODO= 1.18 GR/CC X 100 SEG VIS. PESO DE SARTA: 18TONS. DONDE SUSPENDIO OPERACIÓN PARA PROCEDER A EFECTUAR TAPON POLIMERICO POLI PLUG Y CEMENTACION FORZADA. .\n0","","Productive","P","0.13","PER ","Drilling","SAF-Safety",""
34488,0,"Coyotes0431","S-SHAPE",990,370,"370","6.75","6.75","6.75",40123,40123.02083,40123.16667,"OK",0.145833334,"OK",0,0,15.16666667,"(N) SE EFECTUA JUNTA DE SEGURIDAD CON PERSONAL Y CIAS CALFRAC DE MEXICO , SOLARIS OIL SOLUTIONS PARA EFECTUAR EL BOMBEO DEL TAPON POLIMERICO POLI PLUG Y CEMENTACION. PROBARON LINEAS CON 2000\nPSI, Y REALIZO PRUEBA DE ADMISION, ENTRE T.R.10 3/4"" Y 7 5/8""(E - A) A- 50 MTS BOMBEANDO 10 BLS DE AGUA, Q=0.5 BPM, PI= 40 PSI, Q= 1BPM, P=80 PSI, Q=1.5 BPM P=134PSI, Q=2BPM P= 194PSI Q=4BPM P=197 PSI   SE BOMBEA BACHE OBTURANTE DE CIA SOLARIUM DE 45 BLS Q= 4 BPM P= 210 PSI.Y SE BOMBEAN 30 BLS DE CEMENTO D=1.89GR/CC 125 SACOS Q= 4 BPM P=238-66PSI Y SE DESPLAZA CEMENTO CON 1.5 BLS, DANDOLE ESTATICO DE 15 MIN. PRESION FINAL DE CIERRE 100 PSI. .\n4","","Productive","P","0.1","PER ","Drilling","SAF-Safety",""
34489,0,"Coyotes0431","S-SHAPE",990,370,"370","6.75","6.75","6.75",40123,40123.16667,40123.1875,"OK",0.020833333,"OK",0,0,15.1875,"(N) QUEDANDO CERRADA LA VALVULA LATERAL DE CABEZAL, SE DESCONECTO LINEAS PARA LAVARLAS Y DESMANTELO  EQUIPO. NO SE OBSERVO FLUJO O ESCURRIMIENTO MAYOR AL QUE PRESENTA AREA CONTAMINADA CON CRUDO FUERA DE LA LOCALIZACION. SIENDO SUPERVISADA EL AREA POR PERSONAL DE CLINMEX Y SEGURIDAD DEL EQUIPO\n4","","Productive","P","0.53","PER ","Drilling","SAF-Safety",""
34490,0,"Coyotes0431","S-SHAPE",990,725,"725","6.75","6.75","6.75",40123,40123.1875,40123.58333,"OK",0.395833333,"OK",355,37.36842108,15.58333333,"(N) CON BARRENA PDC 6 3/4"" PERFORA DE 370 M. A 725 M. CORTO 419 M, EN 10:25 HRS. 1.49 MIN/M LOS 3\nULTIMOS 1 - 1 - 1, MRS/HRS. 40.8 MTS. CONDICIONES DE OPERACIÓN. P.S.B= 4-5 TONS. ROTARIA= 60 RPM, TORQUE=150AMPS, E.P.M =97 GASTO=236 PB=1250 PSI DENSIDAD LODO= 1.18 GR/CC X 46 SEG. VISC, PESO SARTA= 21 TONS. ULTIMA DESVIACION A LA PROF DE 695MTS. ANGULO= 40.06 AZIMUT=159.02 VERTICAL=642.51\nDESPL. 206.19 SEVERIDAD 1.38\n14","","Productive","P","0.02","PER ","Drilling","SAF-Safety",""
34491,0,"Coyotes0431","S-SHAPE",990,990,"990","6.75","6.75","6.75",40123,40123.58333,40124,"OK",0.416666667,"OK",265,26.49999998,16,"(N) CON BARRENA PDC DE 6 3/4"" PERFORA DIRECCIONAL DE 725 M. A 990 M, CORTO 684 M, EN  16.18 HRS, PROM.\n1.42 MIN/M LOS 3 ULTIMOS 2 - 1 - 2, MRS/HRS. 41.9 MTS. CONDICIONES DE OPERACIÓN. P.S.B= 4-5 TONS. ROTARIA=\n60 RPM, 3.92, TORQUE=200 AMPS, E.P.M= 101 GASTO=245 PB=1520 PSI DENSIDAD LODO= 1.18 GR/CC X 55 SEG. VISC,  PESO SARTA= 21 TONS. ULTIMA DESVIACION A LA PROF DE 968 MTS. ANGULO= 36.00, AZIMUT=160.39\nVERTICAL=855.6, DPL. 376.66, SEVERIDAD 0.41. NOTA: EMANACION EN VECINDAD DE LA MACROPERA COYOTES\n451. DESDE EL DIA 2 DE NOVIEMBRE A LA FECHA, EL VOLUMEN CUANTIFICADO POR PEMEX ES 50 M3 H2O + 1.5\nM3 ACEITE. NOTA 2: VOLUMEN DE AGUA RECUPERADO 9000 (90%), VOLUMEN DE ACEITE RECUPERADO 1000 (10%), 24 HRS LUYENDO","","Productive","P","0.02","PER ","Drilling","SAF-Safety",""
34492,0,"Coyotes0431","S-SHAPE",1232,1054,"1054","6.75","6.75","6.75",40124,40124,40124.16667,"OK",0.166666667,"OK",64,15.99999997,16.16666667,"(N)  CON BARRENA PDC 6 3/4"" PERFORA DIRECCIONAL DE 990 M. A 1054 M., CORTO 748 M, EN 18.42 HRS 1.5 MIN/M\nLOS 3 ULTIMOS 2 - 2 - 2, MRS/HRS. 40.6 MTS. CONDICIONES DE OPERACIÓN. P.S.B= 4-5 TONS. ROTARIA= 60. RPM, TORQUE=200 AMPS, E.P.M= 101 GASTO=245 PB=1520 PSI DENSIDAD LODO= 1.18 GR/CC X 55 SEG. PESO SARTA= 34\nTONS. ULTIMA DESVIACION A LA PROF DE 1023 MTS. ANGULO= 34.56, AZIMUT=159.64 VERTICAL=900.33 M., DESPL.\n408.63, SEVERIDAD 1.51.\n4","","Productive","P","0.01","PER ","Drilling","SAF-Safety",""
34493,0,"Coyotes0431","S-SHAPE",1232,1100,"1100","6.75","6.75","6.75",40124,40124.16667,40124.58333,"OK",0.416666666,"OK",46,4.600000007,16.58333333,"(N) CON BNA PDC DE 6 3/4"" Y SARTA NAVEGABLE CON EQ.MWD PERFORO DE 1054 A 1170. MTS,CORTO 864 M, EN\n26.30 HRS, 1.8 MIN/M LOS 3 ULTIMOS 2 - 1 - 2, MRS/HRS.32.8 MTS. CONDICIONES DE OPERACIÓN. P.S.B= 4-5 TONS. ROTARIA= 60 RPM, TORQUE=280 AMPS, E.P.M= 97 GASTO=270 PB=1650 PSI DENSIDAD LODO= 1.19 GR/CC X 45\nSEG. VISC, PESO SARTA= 32 TONS. ULTIMA DESVIACION A LA PROF DE 1078 MTS. ANGULO= 29.25, AZIMUT=156.64, VERTICAL=947. 07  DESPL. 437.57 SEVERIDAD 2.86, SE BOMBEARON 2 BACHES DE 4 M3 DE LODO ANTIPERDIDA COMO MEDIDA PREVENTIVA PARA SELLAR ARENAS DESLENABLE A LA PROFUNDIDAD DE 1000 M - 1100 MTRS. NOTA: LA MIGRACION DE ACEITE Y AGUA EN AREA CHAPOPOTERA FUERA DE LA LOCALIZACION A DESMINUIDO EN FORMA PAULATINA, ACTUALMENTE SE OBSERVA ESCURRIMIENTO DE 9 LTS. X MIN. POR HRA=400 POR DIA 9600\nLTS.POR EL CANAL GENERAL DE LA PRESA TERRESTRE DE RECOLECCION. ESTO  ES DE ACUERDO AL COMPORTAMIENTO DEL TIEMPO EN ESTE CASO SIN LLOVER.\n14","","Productive","P","0.17","PER ","Drilling","SAF-Safety",""
34494,0,"Coyotes0431","S-SHAPE",1232,1232,"1232","6.75","6.75","6.75",40124,40124.58333,40125,"OK",0.416666667,"OK",132,13.19999999,17,"(P) CON BNA PDC 6 3/4"" PERFORA DE 1170 M. A 1232 MTS,CORTO 926 M, EN 34.00 2.2 MIN/M  LOS 3 ULTIMOS 4 - 3 -\n3, MRS/HRS.27.2 MTS. CONDICIONES DE OPERACIÓN. P.S.B= 4-5 TONS. ROTARIA= 60 RPM, TORQUE=280 AMPS, E.P.M= 97 GASTO=236 PB=1520 PSI DENSIDAD LODO= 1.19 GR/CC X 50 SEG. VISC, PESO SARTA= 32 TONS. ULTIMA DESVIACION A LA PROF DE 1215 MTS. ANGULO= 13.94, AZIMUT=154.02, VERT,= 1074.67  MTS. DESPL. 486.21\nSEVERIDAD 3.4, SE BOMBEARON 3 BACHES DE 4 M3 DE LODO ANTIPERDIDA COMO MEDIDA PREVENTIVA A PARA SELLAR ARENAS DESLENABLE A LA PROFUNDIDAD DE 1000 M - 1100 -1150 -1200 - 1230,MTRS. NOTA: VOLUMEN DE AGUA ACEITOSA POR CONTAMINACION EN AREA DE CHAPOPOTERA FUERA DE LA LOCALIZACION DE 00:00 - 06:00\nHRS.VOL. REC.+/- 3 M3, A LAS 12:00 +/- 2.5 M3, A LAS 18:00= 2.5 M3, A LAS 24:00=  2, M3 VOL.TOTAL= 10 M3 DURANTE EL DIA SIN LLOVER. NOTA: LA MIGRACION DE ACEITE Y AGUA EN AREA CHAPOPOTERA FUERA DE LA LOCALIZACION A DESMINUIDO EN FORMA PAULATINA, ACTUALMENTE SE OBSERVA ESCURRIMIENTO DE 9 LTX N POR HRA=400 POR DIA 9600 LTS.POR EL CANAL GENERAL DE LA PRESA TERRESTRE DE RECOLECCION  ESTO ES DE ACUERDO AL COMPORTAMIENTO DEL TIEMPO EN ESTE CASO SIN LLOVER.  CABE MENCIONAR QUE\nPERSONAL DE PEMEX (SIPA) OSVALDO CANO RAMIREZ Y JOSE ADRIAN SANCHEZ LIRA SUPERVISORES DE CAMPO, TOMARON FOTOS. NOTA 2: VOLUMEN DE AGUA RECUPERADO 8640 (90%), VOLUMEN DE ACEITE RECUPERADO 960 (10%), 48 HRS FLUYENDO","","Non-Productive","P","0.1","PER ","Drilling","SAF-Safety",""
34495,0,"Coyotes0431","S-SHAPE",1327,1237,"1237","6.75","6.75","6.75",40125,40125,40125.16667,"OK",0.166666667,"OK",5,1.249999998,17.16666667,"(P)  CON BNA PDC 6 3/4"" PERFORA DE 1232 A 1237 MTS,CORTO 926 M, EN 38.00 HRS, PROM. 2.4 MIN/M LOS 3\nULTIMOS 2 - 1 - 2, MRS/HRS.24.3 MTS. CONDICIONES DE OPERACIÓN. P.S.B= 4-5 TONS. ROTARIA= 60 .RPM TORQUE=280 AMPS, E.P.M= 97 GASTO=236 PB=1520 PSI DENSIDAD LODO= 1.18 GR/CC X 55 SEG. VISC,  PESO SARTA= 32 TONS. ULTIMA DESVIACION A LA PROF DE 1215 MTS. ANGULO= 13.94, AZIMUT=154.02, VERT,= 1074\nDESPL. 486.21 SEVERIDAD 3.4, SE BOMBEARON 3 BACHES DE 4 M3 DE LODO ANTIPERDIDA COMO MEDIDA PREVENTIVA SELLAR ARENAS DESLENABLE A LA PROFUNDIDAD DE 1000 M - 1100 -1150 -1200 - 1230,MTRS.\n4","","Non-Productive","P","0.02","PER ","Drilling","SAF-Safety",""
34496,0,"Coyotes0431","S-SHAPE",1327,1294,"1294","6.75","6.75","6.75",40125,40125.16667,40125.58333,"OK",0.416666666,"OK",57,5.700000009,17.58333333,"(P) CON BNA PDC 6 3/4"" PERFORA DE 1237 A 1294 MTS,CORTO 988 M, EN 48.00 PROM.=2.9 MIN/M LOS 3 ULTIMOS 20\n- 20 - 20, MRS/HRS.24.3 MTS. CONDICIONES DE OPERACIÓN. P.S.B= 4-5 TONS. ROTARI= 60 TORQUE=280 AMPS, E.P.M= 97 GASTO=236 PB=1520 PSI DENSIDAD LODO= 1.22 GR/CC X 55 SEG. VISC, PESO SARTA= 39 TONS. ULTIMA DESVIACION A LA PROF DE 1269 MTS. ANGULO= 8.88, AZIMUT=156.52, VERT,= 11127 DESPL. 479.00 SEVERIDAD\n3.40, SE BOMBEAN BACHES ESPORADICOS DE 4 M3 DE LODO ANTIPERDIDA COMO MEDIDA DE PREVENCION PARA SELLAR ARENAS DESLENABLE A LA PROFUNDIDAD DE 1000 M - 1100 -1150 -1200 - 1230, 1260 MTRS, SE AUMENTO LA DENSIDAD DE LODO DE 1.18 A 1.22 GR /CC. POR OBSERVAR PARTICULAS DE TAMAÑO IRREGULAR  PROBABLE DERRUMBE .\n14","","Non-Productive","P","0.13","PER ","Drilling","SAF-Safety",""
34497,0,"Coyotes0431","S-SHAPE",1327,1327,"1327","6.75","6.75","6.75",40125,40125.58333,40126,"OK",0.416666667,"OK",33,3.299999997,18,"(P) CAMINO DE ACCESO AL POZO CERRADO A LAS 19:00 HRS. POR EL PROPIETARIO DEL RANCHO.  CON BNA PDC.\n6 3/4"" PERFORA DIRECCIONAL DE 1294 A 1327 M,CORTO 1021 M, D=311 - R=710 EN 57.40 HRS. PROM.=3.3 MIN/M LOS 3 ULTIMOS 3 - 4 - 3, MRS/HRS.17.7 MTS. CONDICIONES DE OPERACIÓN. P.S.B= 4-5 TONS ROTARI= 50\nTORQUE=340 AMPS, E.P.M= 110  GASTO=266 PB=1470 PSI DENSIDAD LODO= 1.22 GR/CC X 52 SEG. VISC PESO SARTA= 39 TONS. ULTIMA DESVIACION A LA PROF DE 1269 MTS. ANGULO= 8.88, AZIMUT=156.52, VERT,= 11127.66\nDESPL. 479.00 SEVERIDAD 3.40, SE BOMBEAN BACHES ESPORADICOS DE 4 M3 DE LODO ANTIPERDIDA COMO MEDIDA DE PREVENCION PARA SELLAR ARENAS DESLENABLE A LA PROFUNDIDAD DE 1000 M - 1100 -1150 -1200 -\n1230 - 1260 - 1300, MTRS, SE AUMENTO LA DENSIDAD DE LODO DE 1.18 A 1.22 GR /CC. POR OBSERVAR PARTICULAS DE TAMAÑO Y FORMA IRREGULAR PROBABLE DERRUMBE. NOTA: LA MIGRACION DE ACEITE Y AGUA EN AREA CHAPOPOTERA FUERA DE LA LOCALIZACION A DESMINUIDO EN FORMA PAULATINA, ACTUALMENTE SE OBSERVA ESCURRIMIENTO DE 7 M3 DURANTE LAS 24 HRS.POR EL CANAL GENERAL DE LA PRESA TERRESTRE DE RECOLECCION. ESTO ES DE ACUERDO AL COMPORTAMIENTO DEL TIEMPO EN ESTE CASO SIN LLOVER. NOTA 2: VOLUMEN DE AGUA RECUPERADO 6300 (90%), VOLUMEN DE ACEITE RECUPERADO 700 (10%), 72 HRS FLUYENDO","","Non-Productive","P","0.26","PER ","Drilling","SAF-Safety",""
34498,0,"Coyotes0431","S-SHAPE",1474,1335,"1335","6.75","6.75","6.75",40126,40126,40126.16667,"OK",0.166666667,"OK",8,1.999999996,18.16666667,"(P)  NOTA:CAMINO DE ACCESO AL POZO CERRADO A LAS 19:00 HRS. POR EL PROPIETARIO DEL RANCHO TIEMPO\nDE CIERRE (9)HRS. CON BNA. PDC.DE 6 3/4"" + SARTA NAVEGABLE CON EQUIPO MWD PERFORA CONSTRUYENDO CURVA MANTENIENDO ANGULO DE 1327 A 1335 MTS. - CORTO, DESL= 319 + ROT. = 710 TOTAL =1029 MTS. - EN\n61.18 HRS. PROM.=3.5 MIN/M LOS 3 ULTIMOS 3 - 3 - 3, MRS/HRS.16.8 MTS. CONDICIONES DE OPERACIÓN. P.S.B= 4-5\nTONS.  ROTARI= 50 TORQUE= 340 AMPS, E.P.M= 110 GASTO=266 PB=1470 PSI DENSIDAD LODO= 1.22 GR/CC X 50\nSEG. VISC, DESPL. 479.00 SEVERIDAD 3.40, SE BOMBEAN BACHES ESPORADICOS DE 4 M3 DE LODO ANTIPERDIDA COMO MEDIDA DE PREVENCION PARA SELLAR ARENAS DESLENABLE A LA PROFUNDIDAD DE 1000\nM - 1100 -1150 -1200 - 1230 - 1260 - 1300, MTS. NIVELES NORMALES.\n4","","Non-Productive","P","0.23","PER ","Drilling","SAF-Safety",""
34499,0,"Coyotes0431","S-SHAPE",1474,1474,"1474","6.75","6.75","6.75",40126,40126.16667,40126.58333,"OK",0.416666666,"OK",139,13.90000002,18.58333333,"(P) NOTA:CAMINO DE ACCESO AL POZO CERRADO A LAS 19:00 HRS. POR EL PROPIETARIO DEL RANCHO TIEMPO DE CIERRE (9)HRS. CON BARRENA PDC 6 3/4"" PERFORA CONSTRUYENDO CURVA MANTENIENDO ANGULO DE 1335\nM. A 1474 M. METROS: DESL= 320 + ROT. = 848 TOTAL 1168 MTS. EN 68.38 HRS. PROM.=3.5 MIN/M LOS 3 ULTIMOS 3 -\n3 - 3, MRS/HRS.17. MTS. CONDICIONES DE OPERACIÓN. P.S.B= 4-5 TONS. ROTARI= 50 TORQUE= 250 AMPS, E.P.M=\n110 GASTO=266 PB=1470 PSI DENSIDAD LODO= 1.22 GR/CC X 54 SEG. VISC. PESO SARTA= 40 TONS. ULTIMA DESVIACION A LA PROF DE 1456 MTS. ANGULO= 2.06, AZIMUT=145.02, VERT,= 1314.10, DESPL.508.78 M. SEVERIDAD\n0.46.\n14","","Non-Productive","P","0.04","PER ","Drilling","SAF-Safety",""
34500,0,"Coyotes0431","S-SHAPE",1474,1474,"1474","6.75","6.75","6.75",40126,40126.58333,40127,"OK",0.416666667,"OK",0,0,19,"(S) OPERACIÓN SUSPENDIDA POR CAMINO DE ACCESO AL POZO CERRADO POR CONFLICTO CAMPECINO, PROPIETARIO DEL RANCHO TIEMPO DE SUSPENSION 10:00 HRS. HASTA LAS 24:00 DEL DIA DE HOY. CON BNA. P.D.C. DE 6 3/4"" Y SARTA NAVEGABLE CON EQUIPO M.W.D. ESTACIONADO EN LA ZAPATA 7 5/8"" 303 MTS. NOTA: LA MIGRACION DE ACEITE Y AGUA EN AREA CHAPOPOTERA FUERA DE LA LOCALIZACION A DESMINUIDO PAULATINA MENTE ACTUALMENTE SE OBSERVA ESCURRIMIENTO DE 23 LTS / HRS. POR DIA = 568 LTS DURANTE LAS 24:00\nHRS.POR EL CANAL GENERAL DE LA PRESA TERRESTRE DE RECOLECCION ESTO ES DE ACUERDO AL COMPORTAMIENTO DEL TIEMPO EN ESTE CAZO SIN LLOVER. NOTA 2: VOLUMEN  DE AGUA RECUPERADO 495 (90%), VOLUMEN DE ACEITE RECUPERADO 55 (10%), 96 HRS LUYENDO","","Non-Productive","NP","0.75","PER ","Susp Op","WOO-Wait On Other","Other"
34501,0,"Coyotes0431","S-SHAPE",1474,1474,"1474","6.75","6.75","6.75",40127,40127,40127.58333,"OK",0.583333333,"OK",0,0,19.58333333,"(S)  OPERACIÓN SUSPENDIDA POR CAMINO DE ACCESO AL POZO CERRADO POR CONFLICTO CAMPESINO,\nPROPIETARIO DEL RANCHO TIEMPO DE SUSPENSIÓN 24:00 HRS. CON BARRENA PDC DE 6 3/4"" ESTACIONADA EN LA ZAPATA 7 5/8"" A 303 M. NOTA: YA NO SE OBSERVA MIGRACION DE ACEITE Y AGUA EN EL AREA CHAPOPOTERA QUE SE NECUENTRA AFUERA DE LA LOCALIZACION. .\n14","","Non-Productive","NP","0.64","PER ","Susp Op","WOO-Wait On Other","Other"
34502,0,"Coyotes0431","S-SHAPE",1474,1474,"1474","6.75","6.75","6.75",40127,40127.58333,40127.66667,"OK",0.083333334,"OK",0,0,19.66666667,"(S) OPERACIÓN SUSPENDIDA POR CAMINO DE ACCESO AL POZO CERRADO POR CONFLICTO CAMPECINO ( 26\nHRS. ACOMULADAS).  CON BNA. P.D.C. DE 6 3/4"" Y SARTA NAVEGABLE EQ. CON M.W.D. ESTACIONADA A 303 MTS, ZAPATA DE 7 5/8. .\n16","","Non-Productive","NP","0.8","PER ","Susp Op","WOO-Wait On Other","Other"
34503,0,"Coyotes0431","S-SHAPE",1474,1474,"1474","6.75","6.75","6.75",40127,40127.66667,40127.85417,"OK",0.1875,"OK",0,0,19.85416667,"(N) METIO BNA PDC DE 6 3/4 CON SARTA NAVEGABLE EQ. CON MWD A 1474 MTS FONDO PERFORADO LIBRE.\nROMPIENDO CIRCULACION CADA 400 MTS.\n20","","Productive","P","0.62","PER ","Cond Trip","SAF-Safety",""
34504,0,"Coyotes0431","S-SHAPE",1474,1474,"1474","6.75","6.75","6.75",40127,40127.85417,40127.89583,"OK",0.041666666,"OK",0,0,19.89583333,"(N) CON BNA. P.D.C. DE 6 3/4"" Y SARTA NAVEGABLE EQ. CON M.W.D. A 1474 MTS, CIRCULO ACONDICIONANDO FLUIDO PARA LA TOMA DE R.E. CON 66 EPM, 230 GPM, P.B: 1250 PSI\n21","","Productive","P","0.77","PER ","Cond Trip","SAF-Safety",""
34505,0,"Coyotes0431","S-SHAPE",1474,1474,"1474","6.75","6.75","6.75",40127,40127.89583,40128,"OK",0.104166667,"OK",0,0,20,"(N) SACA BNA PDC DE 6 3/4 CON SARTA NAVEGABLE EQ. CON MWD A 1030 MTS LIBRE, LLENANDO  CADA 5\nTRAMOS POR E.A EL VOL. DE ACERO EXTRAIDO. NOTA: SIN FLUIR. 120 HRS","","Productive","P","0.54","PER ","Cond Trip","SAF-Safety",""
34506,0,"Coyotes0431","S-SHAPE",1474,1474,"1474","6.75","6.75","6.75",40128,40128,40128.20833,"OK",0.208333333,"OK",0,0,20.20833333,"(N)  SACO BARRENA PDC 6 3/4"" CON SARTA NAVEGABLE EQ. CON MWD DE 1030 MTS A SUPERFICIE. S A\nSUPERFICIE. DESMANTELO SARTA NAVEGABLE 100%. LLENO POZO OBSERVANDO NIVELES BIEN. DESGASTE DE BNA: 1-1-NO-A-X-I-NO-TD. .\n5","","Productive","P","0.3","PER ","Cond Trip","SAF-Safety",""
34507,0,"Coyotes0431","S-SHAPE",1474,1474,"1474","6.75","6.75","6.75",40128,40128.20833,40128.29167,"OK",0.083333334,"OK",0,0,20.29166667,"(N) INSTALO UNIDAD DE REGISTROS ELECTRICOS Y ARMO SONDA DE R.E INDUCCION CON RAYOS GAMMA, SONICO DE POROSIDAD, DENSIDAD Y CALIBRACION, NEUTRON COMPENSADO Y NAVEGADOR ( MAI - MSS - MPD - MDN - MBN - MCG). CALIBRO MISMA EN SUPERFICIE BIEN. LONG. DE HTA: 22.45 MTS, O.D: 2 1/4, MAX O.D: 3 1/4.\n7","","Productive","P","0.06","PER ","Logging","SAF-Safety",""
34508,0,"Coyotes0431","S-SHAPE",1474,1474,"1474","6.75","6.75","6.75",40128,40128.29167,40128.54167,"OK",0.25,"OK",0,0,20.54166667,"(N) METIO SONDA DE R.E DE INDUCCION CON RAYOS GAMMA, SONICO DE POROSIDAD, DENSIDAD Y CALIBRACION, NEUTRON COMPENSADO Y NAVEGADOR. ( MAI - MSS - MPD - MDN - MBN - MCG ) A 1474 MTS FONDO PERFORADO LIBRE, Y REGISTRO DE 1474 M. FONDO A 303 M. ZAPATA DE 7 5/8. SACO SONDA A SUPERFICIE. NOTA: UPZ A 1015 M., LPZ A 1370 M., BOLSILLO DE 1370 M. A 1472 M. .\n13","","Productive","P","0.14","PER ","Logging","SAF-Safety",""
34509,0,"Coyotes0431","S-SHAPE",1474,1474,"1474","6.75","6.75","6.75",40128,40128.54167,40128.58333,"OK",0.041666666,"OK",0,0,20.58333333,"(N) DESMANTELO SONDA DE R.E (MAI-MSS-MPD-MDN-MBN-MCG) Y URE 100%. NOTA SIN FLUIR, 139 HRS\n14","","Productive","P","0.17","PER ","Logging","SAF-Safety",""
34510,0,"Coyotes0431","S-SHAPE",1474,1474,"1474","6.75","6.75","6.75",40128,40128.58333,40128.60417,"OK",0.020833334,"OK",0,0,20.60416667,"(N) RECUPERO BUJE DE DESGASTE DE 11 PG DEL CABEZAL SBU DE 10 3/4 X 11 5000. .\n14","","Productive","P","0.02","PER ","Case & Cmnt","SAF-Safety",""
34511,0,"Coyotes0431","S-SHAPE",1474,1474,"1474","6.75","6.75","6.75",40128,40128.60417,40128.64583,"OK",0.041666666,"OK",0,0,20.64583333,"(N) INSTALO EQUIPO PARA CORRER T.R DE 5 1/2 N-80 17 LBS/PIE V.FJL 100 %. .\n15","","Productive","P","0.1","PER ","Case & Cmnt","SAF-Safety",""
34512,0,"Coyotes0431","S-SHAPE",1474,1474,"1474","6.75","6.75","6.75",40128,40128.64583,40128.66667,"OK",0.020833334,"OK",0,0,20.66666667,"(N) SE EFECTUO PLATICA DE SEGURIDAD Y OPERACIÓN CON EL PERSONAL INVOLUCRADO EN LA INTRODUCCION DE LA T.R DE 5 1/2"" ELABORANDO EL AST Y PERMISO DE TRABAJO CON RIESGO. .\n16","","Productive","P","0.19","PER ","Case & Cmnt","SAF-Safety",""
34513,0,"Coyotes0431","S-SHAPE",1474,1474,"1474","6.75","6.75","6.75",40128,40128.66667,40129,"OK",0.333333333,"OK",0,0,21,"(N) METE T.R DE 5 1/2"" N-80 17 LBS/PIE V. FJL EQUIPADA CON ZAPATA Y COPLE FLOTADOR AMBOS CON SISTEMA DE AUTOLLENADO Y CON APRIETE OPTIMO DE 2820 LBS/PIE, SUPERVISADO POR PNAL TECNICO DE LA CIA. VAM MEXICO. A 1400 MTS OBSERVANDO DESPLAZAMIENTO NORMAL","","Productive","P","0.16","PER ","Case & Cmnt","SAF-Safety",""
34514,0,"Coyotes0431","S-SHAPE",1474,1474,"1474","6.75","6.75","6.75",40129,40129,40129.02083,"OK",0.020833333,"OK",0,0,21.02083333,"(N)  METE T.R DE 5 1/2"" N-80 17 LBS/PIE V. FJL EQUIPADA CON ZAPATA Y COPLE FLOTADOR AMBOS CON SISTEMA\nDE AUTO LLENADO Y CON APRIETE OPTIMO DE 2820 LBS/PIE, SUPERVISADO POR PERSONAL TECNICO DE LA CIA. VAM MEXICO. DE 1400 MTS. A 1469 MTS POR AJUSTE. OBSERVANDO DESPLAZAMIENTO NORMAL. DISTRIBUCIÓN DE LA TR 5-1/2 : DE 0.00 - 5.30 M. ELEVACIÓN MESA ROTARIA; DE 5.30 - 983.09 M. 82 TRAMOS TR 5 1/2"";  N-80, 17\nLB/FT, VAM-FJL; DE 983.09 - 989.99 M. 1 TRAMO CORTO TR 5 1/2""; N-80, 17 LB/FT, VAM-FJL; DE 989.99 - 1455.84 M. 39\nTRAMOS TR 5 1/2""; N-80, 17 LB/FT, VAM-FJL; DE 1455.84 - 1456.36 M. COPLE FLOT. CON SISTEMA DE AUTO LLENADO.\n5 1/2""; N-80, 17 LB/FT, VAM-FJL; DE 1456.36 - 1468.54 M. 1 TRAMOS TR 5 1/2""; N-80,  17 LB/FT, VAM-FJL; DE 1468.54 -\n1469.00 M. ZAPATA FLOT. CON SISTEMA DE AUTO LLENADO. 5 1/2""; N-80, 17 LB/FT, VAM-FJL; PESO DE T.R: 37 TON. NOTA: SE INSTALARON 30 CENTRADORES 1 CADA TERCER TRAMO.\n0","","Productive","P","0.15","PER ","Case & Cmnt","SAF-Safety",""
34515,0,"Coyotes0431","S-SHAPE",1474,1474,"1474","6.75","6.75","6.75",40129,40129.02083,40129.04167,"OK",0.020833334,"OK",0,0,21.04166667,"(N) DESMANTELO EQUIPO PARA CORRER T.R DE 5 1/2 N-80 17 LBS/PIE V. FJL 100% .\n1","","Productive","P","0.18","PER ","Case & Cmnt","SAF-Safety",""
34516,0,"Coyotes0431","S-SHAPE",1474,1474,"1474","6.75","6.75","6.75",40129,40129.04167,40129.08333,"OK",0.041666666,"OK",0,0,21.08333333,"(N) CON T.R DE 5 1/2 N-80 17 LBS/PIE V. FJL A 1469 MTS CIRCULO CON 72 EPM, 251 GPM, P.B: 950 PSI OBSERVANDO CIRCULACION NORMAL.\n2","","Productive","P","0.69","PER ","Case & Cmnt","SAF-Safety",""
34517,0,"Coyotes0431","S-SHAPE",1474,1474,"1474","6.75","6.75","6.75",40129,40129.08333,40129.125,"OK",0.041666667,"OK",0,0,21.125,"(S) CON T.R DE 5 1/2 N-80 17 LBS/PIE V. FJL A 1469 MTS. EN ESPERA DE CEMENTO, UNIDADES Y PERSONAL DE LA CIA BJ.\n3","","Non-Productive","NP","0.78","PER ","Case & Cmnt","LOC-Logistics","Wait on Other"
34518,0,"Coyotes0431","S-SHAPE",1474,1474,"1474","6.75","6.75","6.75",40129,40129.125,40129.16667,"OK",0.041666667,"OK",0,0,21.16666667,"(N) PERSONAL. DE LA CIA. BJ. INSTALO CABEZA DE CEMENTAR, LINEAS SUPERFICIALES Y EFECTUA PREPARATIVOS PARA CEMENTAR LA TR DE 5 1/2"" N-80 17 LBS/PIE V. FJL CON UN AVANCE DE 80 % .\n4","","Productive","P","0.05","PER ","Case & Cmnt","SAF-Safety",""
34519,0,"Coyotes0431","S-SHAPE",1474,1474,"1474","6.75","6.75","6.75",40129,40129.16667,40129.20833,"OK",0.041666666,"OK",0,0,21.20833333,"(N) BJ. EFECTUO PREPARATIVOS PARA CEMENTAR LA TR 5-1/2"", N-80, 17 LB/PIE, VAM FJL. .\n5","","Productive","P","0.03","PER ","Case & Cmnt","SAF-Safety",""
34520,0,"Coyotes0431","S-SHAPE",1474,1474,"1474","6.75","6.75","6.75",40129,40129.20833,40129.22917,"OK",0.020833334,"OK",0,0,21.22916667,"(N) EFECTUO PLATICA DE SEGURIDAD. .\n5","","Productive","P","0.2","PER ","Case & Cmnt","SAF-Safety",""
34521,0,"Coyotes0431","S-SHAPE",1474,1474,"1474","6.75","6.75","6.75",40129,40129.22917,40129.3125,"OK",0.083333333,"OK",0,0,21.3125,"(N) BJ SERVICES EFECTUO CEMENTACION DE LA T.R DE 5 1/2 N-80 17 LBS/PIE V. FJL A 1469  M. PROBO LINEAS SUPERFICIALES CON 5000 PSI BIEN. SOLTO TAPON LIMPIADOR Y SE BOMBEARON 10 BLS DE BACHE LAVADOR QUIMICO DE 1.03 GR/CC A UN Q: 4 BPM P.B: 660 PSI + 50 BLS DE BACHE ESPACIADOR UF II DE 1.27 GR/CC A UN Q: 4\nBPM, PB: 665 PSI.  SE MEZCLO Y BOMBEO 86.8 BLS DE LECHADA DE CEMENTO UNICA DE 1.30 GR/CC A UN Q: 4\nBPM, P.B: 670 PSI. PARO BOMBEO, LAVO LINEAS SOLTO TAPON SOLIDO Y DESPLAZO EL MISMO, CON 109 BLS DE SALMUERA CALCICA DE 1.03 GR/CC A UN Q: DE 7-4-1 BPM, P.B: DE 1000 A 1630 PSI. VERIFICO ACOPLAMIENTO DE TAPON CON 2200 PSI, Y PROBO EQ. DE FLOTACION BIEN. DESCARGO PRESION REGRESANDO 1 BL. DURANTE LA CEMENTACION SE OBSERVO CIRCULACION NORMAL SALIENDO A SUPERFICIE 39 BLS DE BACHE ESPACIADOR. QUEDANDO LA CIMA TEORICA DE CEMENTO A 189 MTS. .\n7","","Productive","P","0.03","PER ","Case & Cmnt","SAF-Safety",""
34522,0,"Coyotes0431","S-SHAPE",1474,1474,"1474","6.75","6.75","6.75",40129,40129.3125,40129.35417,"OK",0.041666667,"OK",0,0,21.35416667,"(N) DESMANTELO CABEZA DE CEMENTAR, LINEAS SUPERFICIALES Y EQUIPO DE LA CIA BJ. .\n8","","Productive","P","0.11","PER ","Case & Cmnt","SAF-Safety",""
34523,0,"Coyotes0431","S-SHAPE",1474,1474,"1474","6.75","6.75","6.75",40129,40129.35417,40129.45833,"OK",0.104166666,"OK",0,0,21.45833333,"(S) CON TR 5-1/2"", N-80, 17 LBS/PIE, VAM FJL CEMENTADA A 1469 M., EN ESPERA DE PERSONAL Y COLGADOR TIPO CUÑAS C-22.\n11","","Non-Productive","NP","0.65","PER ","BOP/WH","LOC-Logistics","Wait on Other"
34524,0,"Coyotes0431","S-SHAPE",1474,1474,"1474","6.75","6.75","6.75",40129,40129.45833,40129.5,"OK",0.041666667,"OK",0,0,21.5,"(N) SE INSTALO COLGADOR TIPO CUÑAS C-22 EN NIDO DEL CABEZAL Y ACTIVO LAS MISMAS, DESCARGANDO EL PESO DE LA TR (37 TON), SATISFACTORIAMENTE. CERRO PREVENTOR Y CON  UNIDAD DE PRUEBAS. PROBO SELLOS DEL COLGADOR TIPO CUÑAS CON 1200 PSI. DURANTE 15 MIN BIEN.\n12","","Productive","P","0.02","PER ","BOP/WH","SAF-Safety",""
34525,0,"Coyotes0431","S-SHAPE",1474,1474,"1474","6.75","6.75","6.75",40129,40129.5,40129.54167,"OK",0.041666667,"OK",0,0,21.54166667,"(N) DESMANTELO LINEA DE FLOTE, LLENADERA, CONEXIONES SUPERFICIALES DE CONTROL, SE AFLOJARON LOS YUGOS DEL DRILL ADAPTER Y SE LEVANTO EL CONJUNTO DE PREVENTORES DE  11"" 5000. .\n13","","Productive","P","0.03","PER ","BOP/WH","SAF-Safety",""
34526,0,"Coyotes0431","S-SHAPE",1474,1474,"1474","6.75","6.75","6.75",40129,40129.54167,40129.625,"OK",0.083333333,"OK",0,0,21.625,"(N) REALIZO CORTE EN FRIO Y BICEL A LA T.R DE 5 1/2 N-80 17 LBS/PIE. . 15","","Productive","P","0.13","PER ","BOP/WH","SAF-Safety",""
34527,0,"Coyotes0431","S-SHAPE",1474,1474,"1474","6.75","6.75","6.75",40129,40129.625,40129.66667,"OK",0.041666667,"OK",0,0,21.66666667,"(N) DESMANTELO CAMPANA Y CONJUNTO DE PREVENTORES DE 11 PG. .\n16","","Productive","P","0.01","PER ","BOP/WH","SAF-Safety",""
34528,0,"Coyotes0431","S-SHAPE",1474,1474,"1474","6.75","6.75","6.75",40129,40129.66667,40129.72917,"OK",0.0625,"OK",0,0,21.72916667,"(N) SE INSTALO CABEZAL DE PRODUCCION DE 11"" 5000 X 7 1/16 5000 Y SE APRETO LA TORNILLERIA DEL MISMO\n100% . SE PROBARON LOS SELLOS DEL COLGADOR TIPO CUÑAS C-22 Y SELLOS TIPO P DEL CABEZAL DE PRODUCCION CON 4000 PSI DURANTE 15 MIN BIEN. NOTA: SE INSTALO PLACA CIEGA DE 7 1/16 AL CABEZAL DE PRODUCCION Y SE PROBO LA MISMA CON 1200 PSI DURANTE 15 MIN BIEN.  SIENDO LAS 17:30 HRS. DEL JUEVES\n12 DE NOVIEMBRE DEL 2009 SE DA POR TERMINADA LA PERFORACION DEL POZO COYOTES 431","","Productive","P","0.04","PER ","BOP/WH","SAF-Safety",""
